sample,population,n_loci_called,Ho_ind,F_hom_ownpop,F_uni_ownpop,F_grm_ownpop,F_uni_ownpop_lo95,F_uni_ownpop_hi95,n_loci_F_ownpop,F_hom_mainland,F_uni_mainland,F_grm_mainland,F_uni_mainland_lo95,F_uni_mainland_hi95,n_loci_F_mainland,mean_kinship_within_pop,max_kinship_within_pop
E1,EUCUMBENE_BELOW,4002,0.10594702648675662,0.017620569608973204,0.006236130823106142,-0.0006830582898557092,-0.03749977568631919,0.05233296236240791,1648.0,0.13470261261517158,0.08318042914571125,-0.11738414720139534,0.04300316170987034,0.1326486767097041,3414,-0.05259562851106043,0.1597865648680413
E73,SNOWY,4002,0.11719140429785108,-0.05487720374881967,-0.008550734258782661,0.13341140799722306,-0.04695296072549756,0.03543635499887184,2183.0,0.04286680499178177,0.024412424740968868,-0.022871416692393898,-0.00340013888978841,0.05445760821039002,3414,-0.020607480145404016,0.028670347256043394
E81,SNOWY,4002,0.1089455272363818,0.019346565384892586,0.05798030754227946,0.20587042897705365,0.008802564107497834,0.10936013754327407,2183.0,0.11021306391560097,0.09764512134171914,0.05342363587909227,0.051205331862166456,0.14978510658211924,3414,-0.021924916890491843,0.10626001227144428
E89,SNOWY,4002,0.10669665167416292,0.039589411512268656,0.002674150400661875,0.08601420174762064,-0.029492756854589026,0.03964047489192786,2183.0,0.12858022544027892,0.04686163674781169,0.01067362930061333,0.017023657733041823,0.08359955952083874,3414,-0.019745712759047577,0.04163311808788455
E9,EUCUMBENE_BELOW,4002,0.1191904047976012,-0.10517685918990514,-0.014316422972942116,0.45825006904846033,-0.06612208442439081,0.037470214500645756,1648.0,0.026540439192068027,0.01362010941269001,-0.10222263698136747,-0.013556182343938543,0.040491559000831144,3414,-0.07675000363412984,0.014441466351720889
E17,THREDBO,4002,0.11519240379810095,-0.02773866605779216,-0.03182706746624673,-0.05628033071082139,-0.07231603628669646,0.009916142664461246,1839.0,0.05919317079149552,0.07325793160831945,-0.10270525004311382,0.00967664820851317,0.1741421252672733,3414,-0.05242887051606605,0.154732214870003
E25,SNOWY,4002,0.11469265367316342,-0.0323851524961796,-0.022014072942455953,-0.1036406304479578,-0.056873415419201954,0.013731616563981263,2183.0,0.06327476224142395,0.021305791265201823,-0.1577800407968315,-0.007637012038214234,0.0539644711581288,3414,-0.01629744308276428,0.3855092964708414
E33,SNOWY,4002,0.10744627686156921,0.032841796136476635,-0.0018513653395444156,0.010094689920098654,-0.034432201805068896,0.027981695485071956,2183.0,0.12245783826538627,0.05571198322719378,0.12692888705651417,0.023376486435237577,0.09193546170638346,3414,-0.018365357998547164,0.4158977499379751
E41,SNOWY,4002,0.11369315342328835,-0.023388331995123565,0.017895046091842212,0.018967962148973116,-0.02620279843873121,0.07550646101704596,2183.0,0.07143794514128082,0.056358637008545265,-0.0506889268149352,0.018517960334227167,0.10280970562689849,3414,-0.018526690220890315,0.21183772810885432
E49,SNOWY,4002,0.1191904047976012,-0.07287084475093174,-0.02796744396152606,0.09491730040241775,-0.06204147054083268,0.008564661440251337,2183.0,0.026540439192068027,0.028847197627822663,0.04173800975545805,-0.0025092586645222305,0.06356607753761531,3414,-0.01990758728004387,0.1743554395913367
E57,SNOWY,4002,0.10944527736131934,0.01484815513436457,-0.017968361416658998,-0.004252523164045341,-0.05054639112380328,0.015770992725246832,2183.0,0.10613147246567253,0.020661634421924972,-0.10203331045035047,-0.0034329974287952464,0.046396787630373575,3414,-0.018104499578835434,0.07202596365582653
E65,EUCUMBENE_ABOVE,4002,0.12043978010994502,-0.06075611098011456,-0.1677951180472198,-0.12408163265305783,-0.21597599039615875,-0.12232492997198896,1190.0,0.016336460567246937,0.03657287305678656,0.34218349002040616,0.00017063244736658804,0.08200220061334954,3414,-0.291972789115646,-0.27919967987194855
E2,EUCUMBENE_BELOW,4002,0.10944527736131934,-0.014816487054881453,-0.018680565073783212,0.021499928924853418,-0.062152324306577286,0.02859973724790441,1648.0,0.10613147246567253,0.09209009416970763,-0.030287551562423798,0.02420339963919739,0.20316474788971234,3414,-0.053763154153939875,0.0069771994039795225
E74,EUCUMBENE_BELOW,4002,0.1031984007996002,0.04310682841628758,0.03132109883537156,0.08556393538356222,-0.017603081884724918,0.08593179058602553,1648.0,0.157151365589778,0.0880245657926346,0.02602449166369314,0.045939693429649216,0.13686023459048222,3414,-0.05713494396755619,0.014441466351720889
E82,SNOWY,4002,0.10719640179910045,0.03509100126174064,0.0469352734637974,0.09775778213583397,0.0053674447029327214,0.1024640513218019,2183.0,0.1244986339903505,0.08890498961600639,-0.07039868612843758,0.0448879124245704,0.13936690903923882,3414,-0.019959232402469683,0.23745121417577353
E90,THREDBO,4002,0.1184407796101949,-0.056720450567014066,-0.048656425106464105,0.040055349937825335,-0.0834173782802853,-0.008784802701171136,1839.0,0.03266282636696068,0.01835938869306556,0.12243125120458398,-0.007054339530690752,0.04869778357046622,3414,-0.05778085277432424,0.023142166657880485
E10,EUCUMBENE_BELOW,4002,0.11319340329835083,-0.049570476337582874,-0.04822291770563806,-0.004382992134217556,-0.09131261452581631,-0.0020160176295207282,1648.0,0.07551953659120926,0.02623461032238199,-0.1968912188832378,-0.0018817428318743023,0.0605009069688557,3414,-0.05240089515083086,0.06267910149678554
E18,EUCUMBENE_BELOW,4002,0.10994502748625687,-0.019450352292574975,-0.0355141358217183,0.03490608004744633,-0.0747221757575708,0.005355513898744836,1648.0,0.1020498810157441,0.042642982928486235,-0.20062547208461057,0.01098092296764329,0.07912299665418508,3414,-0.054468741055129014,0.1597865648680413
E26,SNOWY,4002,0.10619690154922538,0.04408782176279667,0.043175536301872146,0.04285655414983269,-0.00041316133075451015,0.08849296962878309,2183.0,0.13266181689020737,0.09511398726054185,-0.010065785135613181,0.04818210193209967,0.15045941631234241,3414,-0.018961028257269575,0.46575173797859676
E34,SNOWY,4002,0.12143928035982009,-0.0931136908783078,-0.04969737438043891,-0.012097097104341703,-0.0788002912919147,-0.02117233595648784,2183.0,0.008173277667390066,-0.0055368448375167825,-0.051736858957197374,-0.02734787195343976,0.019288293863496758,3414,-0.017961870961739124,0.040339443562093354
E42,SNOWY,4002,0.10219890054972514,0.0800751037670208,0.004771658141590442,-0.21995040519203535,-0.029897405565239406,0.04071570290649301,2183.0,0.16531454848963484,0.04275775277269258,-0.2586828873495999,0.01485319208110143,0.07250699411958668,3414,-0.014182719905599278,0.36803342703805775
E50,SNOWY,4002,0.10769615192403797,0.030592591011212623,0.03216732805452638,-0.018818998447987956,-0.01476213895701703,0.08436378366902664,2183.0,0.12041704254042206,0.06533127675251038,-0.15265016621031413,0.022234177990060035,0.11459816756767875,3414,-0.01783965457367283,0.037695719165822344
E58,SNOWY,4002,0.10944527736131934,0.01484815513436457,-0.0067641232638673944,0.028441942856887392,-0.039331981203126726,0.03089290664204922,2183.0,0.10613147246567253,0.0386660379082584,-0.13579858756562246,0.0072529674070766,0.07878615592948203,3414,-0.01869894441557969,0.3845311197565703
E66,THREDBO,4002,0.10769615192403797,0.039142375117335315,0.024915671585036825,0.13185050986776048,-0.02022720991823761,0.06968793962676055,1839.0,0.12041704254042206,0.0674478264997997,0.08190386071029376,0.03330972852577568,0.10691826241383381,3414,-0.06288058388154288,0.0004988212642774159
E3,EUCUMBENE_BELOW,4002,0.09945027486256872,0.077860817698989,0.05488647387133618,0.12280526050782692,0.0005961318938053957,0.11038792495570925,1648.0,0.18776330146424125,0.14820275815087036,0.029667369383083786,0.08412017867299264,0.22435144124264877,3414,-0.05909501371093852,0.05530415768934456
E75,THREDBO,4002,0.11519240379810095,-0.02773866605779216,-0.04345751966609014,-0.051327081449952905,-0.07771767747428408,-0.003853248935113988,1839.0,0.05919317079149552,0.022455123115410737,-0.041114784362279666,-0.002436708664246575,0.048147698314663895,3414,-0.05270405103055875,0.034932560969870664
E83,SNOWY,4002,0.1141929035482259,-0.02788674224565158,-0.0017982464368701838,0.1433068640126367,-0.041521478141442636,0.04890672067936168,2183.0,0.06735635369135239,0.02348317243747764,-0.046833771848865946,-0.0021695953973001423,0.05308435059925,3414,-0.02078739752750241,0.027535568416942068
E91,THREDBO,4002,0.11744127936031984,-0.047802978410330405,-0.02950025821182688,0.025189731705147933,-0.07053649056031784,0.014391332634996411,1839.0,0.04082600926681755,0.053637568888700915,0.031226932914677485,0.006457896369409314,0.12245966729370673,3414,-0.056954985094731216,0.012788930100952799
E11,EUCUMBENE_BELOW,4002,0.10569715142428786,0.019937502227819967,0.009337042236252768,0.18025914416366073,-0.04003735038558092,0.05908056271684873,1648.0,0.1367434083401358,0.07469160850690768,-0.12776388235657377,0.035208950528546425,0.12219722624217441,3414,-0.06211890232440348,-0.003894830474189108
E19,EUCUMBENE_BELOW,4002,0.10594702648675662,0.017620569608973204,0.0020171058450679236,0.06620173291674325,-0.04978049625889129,0.05295524420200893,1648.0,0.13470261261517158,0.10146199716248393,-0.07476602542639366,0.03761547196557686,0.19279658222186413,3414,-0.056115880679828804,0.006526771494888944
E27,SNOWY,4002,0.11269365317341329,-0.014391511494067533,-0.022915349324892902,-0.17245888289379374,-0.053562658126234765,0.010693593282861055,2183.0,0.0796011280411377,0.03411475010418534,-0.2112531705796219,0.0033040195438376265,0.0700518205169995,3414,-0.01504620212920364,0.3690223381950326
E35,THREDBO,4002,0.10644677661169415,0.05028921531318989,0.002652706735038645,0.024823559991524302,-0.03776089473202228,0.043962335616604405,1839.0,0.13062102116524316,0.05264300957099971,0.07267678370766162,0.017496402945877308,0.09023692062497721,3414,-0.05693464222175201,-0.020329677046664933
E43,SNOWY,4002,0.10994502748625687,0.010349744883836554,-0.012510968873939342,-0.10189545054845484,-0.042968748185719635,0.022676566672988282,2183.0,0.1020498810157441,0.02748318169556195,-0.18992116078353627,0.001456088116120899,0.05599162626145006,3414,-0.016329173626391618,0.09315919636321525
E51,SNOWY,4002,0.10469765117441279,0.05758305251438072,0.01131510491689627,-0.07030806313417293,-0.022911552030121872,0.0465744354693073,2183.0,0.14490659123999267,0.06851904776407776,-0.10186299458952874,0.0323731600702592,0.10712052946399973,3414,-0.016903489761196745,0.12387251375210405
E59,SNOWY,4002,0.11394302848575712,-0.025637537120387573,-0.013848579003859827,-0.005832173816499697,-0.049658102697056956,0.022210703558285732,2183.0,0.06939714941631661,0.02995521999351616,0.06481710737958202,-0.0025354487945484614,0.06694543092609108,3414,-0.018075778657881673,0.3855092964708414
E67,SNOWY,4002,0.11869065467266367,-0.06837243450040371,-0.016818211657890943,0.04135644696548302,-0.05319272627000771,0.02141693863701736,2183.0,0.030622030641996464,0.024329676508938868,-0.06565288377313871,-0.003992273411349668,0.0561730968797845,3414,-0.018933753581190524,0.09315919636321525
E4,EUCUMBENE_BELOW,4002,0.10769615192403797,0.0014020412770458757,-0.05129128535993801,-0.1800716851432408,-0.08715236644437108,-0.016408966481324568,1648.0,0.12041704254042206,0.056239566126636296,-0.1549314070131007,0.02525223465677251,0.09115618437705968,3414,-0.04315412183456646,0.345633316849083
E76,THREDBO,4002,0.10719640179910045,0.043601111195677146,-0.013409191564778945,0.0021065653377472238,-0.04659477939338955,0.024338298537391546,1839.0,0.1244986339903505,0.025576184605912156,-0.21394406480820471,0.0010741719942749073,0.05279858812228499,3414,-0.055672586963208835,-0.012866714280194445
E84,SNOWY,4002,0.11894052973513243,-0.07062163962566773,-0.024711691751796737,0.014855019577146411,-0.06260174977584647,0.02013070124019561,2183.0,0.028581234917032246,0.04198294741635162,0.04706653036103181,-0.0007776130681065516,0.09829337746947586,3414,-0.018451909446857075,0.23745121417577353
E92,THREDBO,4002,0.11494252873563218,-0.025509298018621243,-0.023303415909808622,-0.03901332556346271,-0.06183412678083114,0.018167786751945778,1839.0,0.06123396651645974,0.08197033252906748,-0.08324955542471557,0.014464715749678957,0.16783742667176763,3414,-0.053388148579808226,0.02459661820819747
E12,EUCUMBENE_BELOW,4002,0.10869565217391304,-0.00786568919834117,-0.03708089095159481,-0.0040382324801235825,-0.07361880539510926,0.0007254815735829464,1648.0,0.11225385964056518,0.03569823865352691,-0.1661195393209437,0.009576131612707376,0.0639696672668253,3414,-0.05241904039578318,0.03529347698954321
E20,EUCUMBENE_BELOW,4002,0.10494752623688156,0.02688830008436025,-0.014972121963758729,-0.0633232007364446,-0.058038621482135296,0.031798161835408865,1648.0,0.14286579551502845,0.053992511022274446,-0.16820744599894044,0.02402587772132598,0.0887731050085258,3414,-0.04929877890860841,-0.0018405520908486162
E28,EUCUMBENE_BELOW,4002,0.10844577711144428,-0.005548756579494408,-0.06955862662724302,-0.2922253159268966,-0.10459117613674906,-0.03479514813250192,1648.0,0.11429465536552941,0.03569171704489403,-0.20418939077250164,0.0062881312372716726,0.0649883896463283,3414,-0.037251299161742434,0.30395289361883865
E36,SNOWY,4002,0.11019490254872563,0.008100539758572545,0.003937554132772103,-0.014650736479526971,-0.03566882769310708,0.04408176658831532,2183.0,0.10000908529077987,0.04544495896011017,-0.10946197619187048,0.012763068263630443,0.08554231367484272,3414,-0.017915441154917583,0.18986012245086428
E44,SNOWY,4002,0.1141929035482259,-0.02788674224565158,-0.030912645684414694,-0.05392847985684934,-0.05811188111606964,0.0007030915683598957,2183.0,0.06735635369135239,0.04110806937212978,-0.060942064018418174,0.0078043424318593665,0.0754899761061047,3414,-0.017201300366238983,0.3690223381950326
E52,SNOWY,4002,0.11169415292353824,-0.005394690993011502,-0.017694276923106843,-0.007719932051148848,-0.047969079340922274,0.01360904978232617,2183.0,0.08776431094099457,0.029484022547629756,-0.06978939608303969,0.000913543202905528,0.05992352357107262,3414,-0.018041455780888095,0.43069924876700727
E60,THREDBO,4002,0.10444777611194403,0.06812415962655721,0.012658624795689237,-0.06103717837142275,-0.024353004213628005,0.050318928443069795,1839.0,0.14694738696495688,0.06226875279549086,-0.1355754198399166,0.03421318709948999,0.09336715454142436,3414,-0.0521646012015883,0.154732214870003
E68,EUCUMBENE_ABOVE,4002,0.10394802598700649,0.08449265110429946,-0.09951180472188864,-0.16899559823929244,-0.14566546618647466,-0.058309723889555846,1190.0,0.15102897841488533,0.09043209696395765,0.10275854609120105,0.054648249420126874,0.13459388444845324,3414,-0.2770014672535679,-0.24925170068027191
E5,EUCUMBENE_BELOW,4002,0.1089455272363818,-0.010182621817187931,-0.03671094663868357,-0.11934640811253205,-0.0760582679477342,0.002260134690008781,1648.0,0.11021306391560097,0.062271835221363536,-0.20666187617817666,0.027939309156474003,0.09558035816842375,3414,-0.04635018904670894,0.348575803682147
E77,THREDBO,4002,0.1054472763618191,0.05920668746987355,0.005261641934236575,-0.02035899806057584,-0.03232001285719014,0.04170402168957261,1839.0,0.1387842040651,0.06167701802608457,-0.1318254435310301,0.031490563809377196,0.0954625156446505,3414,-0.05442450010774651,0.034932560969870664
E85,SNOWY,4002,0.10444777611194403,0.059832257639644726,0.010661029092579714,-0.08185663701243362,-0.0257038313986973,0.050074738632182335,2183.0,0.14694738696495688,0.03846352241981302,-0.19504947523039062,0.007467177395186205,0.07207639206585804,3414,-0.016693515690682892,0.045603511075939455
E93,SNOWY,4002,0.10869565217391304,0.02159577051015659,0.0013844393223763044,-0.06652126172703932,-0.04516642594556781,0.0647598650960409,2183.0,0.11225385964056518,0.08346643816728312,-0.045243924523569845,-0.0011357444838194408,0.22062806735064944,3414,-0.0169723406958719,0.3442930596443693
E13,SNOWY,4002,0.10369815092453773,0.06657987301543675,0.00593608156890443,-0.11548609084018424,-0.030853023013610335,0.04266049314509238,2183.0,0.15306977413984954,0.04508375775550336,-0.24422962808567372,0.013643001749928229,0.07792218567687209,3414,-0.016082071075632892,0.04841361494540348
E21,SNOWY,4002,0.11269365317341329,-0.014391511494067533,0.00445382112702098,-0.05622033238722479,-0.03339876602422951,0.04201999542660728,2183.0,0.0796011280411377,0.06861120573225594,-0.06711908287804991,0.03080337982361122,0.11202152157778991,3414,-0.017159630320232135,0.43069924876700727
E29,EUCUMBENE_BELOW,4002,0.11444277861069466,-0.06115513943181668,-0.061229478358452036,-0.0975844033797556,-0.09697862260034992,-0.023054801876585703,1648.0,0.06531555796638817,0.03789517974541113,-0.08530213817061094,0.006253295596743564,0.07169594719294473,3414,-0.04749555771685524,0.3084957782046336
E37,SNOWY,4002,0.10519740129935032,0.053084642263852705,-0.0016229891646566688,-0.08792942068445453,-0.03102768991277482,0.03256652330558745,2183.0,0.14082499979006424,0.05847434432919731,-0.07103351711066974,0.02467383516947841,0.0964566090553134,3414,-0.016583101442100703,0.46575173797859676
E45,SNOWY,4002,0.10869565217391304,0.02159577051015659,0.006201718385010072,-0.03192517563063535,-0.030030308625720762,0.050403132432858766,2183.0,0.11225385964056518,0.05213203041554658,-0.06206366082942549,0.020247974194549,0.09035357609209432,3414,-0.017601360443079205,0.38050329237699676
E53,SNOWY,4002,0.1031984007996002,0.07107828326596477,0.033572004386387036,-0.030773940202366568,-0.008271227447332422,0.07607422104409871,2183.0,0.157151365589778,0.07418279339950772,-0.1432233481294698,0.030691349792761596,0.12123300277156221,3414,-0.017622291996320483,0.04841361494540348
E61,THREDBO,4002,0.11219390304847576,-0.000986249587741171,-0.013097465589006483,0.09965867061996536,-0.050214028924075324,0.026503181438834733,1839.0,0.08368271949106613,0.048929488136550035,0.08369568371913694,0.018368182744654224,0.08442063567882818,3414,-0.06109214836777646,-0.01115846309892935
E69,EUCUMBENE_ABOVE,4002,0.1176911544227886,-0.03654798396604556,-0.1675390156062433,-0.13803921568627087,-0.21004721888755523,-0.12116766706682677,1190.0,0.03878521354185334,0.09475965124252261,0.5750561994235355,0.008694397628429065,0.2364823710684613,3414,-0.2873202614379083,-0.27919967987194855
E6,EUCUMBENE_BELOW,4002,0.11644177911044477,-0.07969060038259076,-0.08521783079261118,-0.21934156929997828,-0.12241095038662994,-0.0467766659430362,1648.0,0.048989192166674425,0.04582652208768181,-0.15351779212624428,-0.000728851996915682,0.1030272723619619,3414,-0.04108728582631706,0.2747820603066615
E78,THREDBO,4002,0.1089455272363818,0.027995534921480734,-0.014795046415883547,-0.010798767462585901,-0.05500655665409146,0.024013230902960182,1839.0,0.11021306391560097,0.04561227124483183,-0.09833372266755847,0.01436054075746494,0.07911866229855424,3414,-0.05495562402985698,0.14213507334973258
E86,SNOWY,4002,0.11144427786106946,-0.0031454858677474936,0.02967685073738238,0.09625548147148955,-0.02004051742552113,0.09118147289869857,2183.0,0.08980510666595878,0.06373448950162036,-0.038377683825146836,0.0182752206640208,0.12015915758372438,3414,-0.01993191784493606,0.13564764813257452
E94,SNOWY,4002,0.10844577711144428,0.0238449756354206,0.0163017845945273,0.5992889232417757,-0.020966381589595406,0.05624979193987514,2183.0,0.11429465536552941,0.035524042627914455,0.47021924063129417,0.0035590020354272205,0.06806296134467357,3414,-0.029077980422577768,0.024556471983631593
E14,SNOWY,4002,0.1141929035482259,-0.02788674224565158,-0.024073002193096327,0.07105988092585913,-0.05504995528949093,0.009248073059838222,2183.0,0.06735635369135239,0.00870339254787062,-0.06646089836320312,-0.014323943770190476,0.03417483250452196,3414,-0.01947381601683375,0.03100718787163259
E22,SNOWY,4002,0.10194902548725637,0.0823243088922848,0.013322039531195132,-0.20365365427830406,-0.026344385810458015,0.055781402318480694,2183.0,0.16735534421459908,0.06651098108259791,-0.26802971181173574,0.027318526317504886,0.11590002416137232,3414,-0.014479024467667094,0.051990164431706815
E30,THREDBO,4002,0.10994502748625687,0.01907806276479707,0.004930069151211186,0.0577434479142549,-0.03824838789155007,0.05662937034859231,1839.0,0.1020498810157441,0.05220205249997332,-0.12409669459922146,0.011522573968068031,0.09996230640883148,3414,-0.05876352488412594,-0.03444885398410337
E38,SNOWY,4002,0.10769615192403797,0.030592591011212623,0.008275575393097442,-0.058320168121135496,-0.02654195742601675,0.047002289606639894,2183.0,0.12041704254042206,0.04339031800684751,-0.14731396345736703,0.011007613293393476,0.07465001126529149,3414,-0.01712145148870648,0.1743554395913367
E46,SNOWY,4002,0.10694652673663169,0.037340206387004644,0.026902002129746475,0.0695384585612282,-0.015842415312616365,0.08299431750961066,2183.0,0.1265394297153147,0.05862267841263581,-0.15137639502175693,0.024538308931270934,0.09790071619766275,3414,-0.019446153792022258,0.04854680231316347
E54,SNOWY,4002,0.11644177911044477,-0.04812958837302765,-0.03163249743936823,-0.15781746946121755,-0.06553611994329779,0.009771128098035842,2183.0,0.048989192166674425,0.021080720310205643,-0.18750991916859716,-0.017151400096005843,0.06685912858473073,3414,-0.015312409646159559,0.38050329237699676
E62,THREDBO,4002,0.1111944027986007,0.007931222568942492,-0.0177334571448597,-0.01837010101537684,-0.056532942025410864,0.02482744903251645,1839.0,0.09184590239092301,0.047160444468961546,-0.1525942991024164,0.014958975155660232,0.08083900672331748,3414,-0.05453499438803524,0.013856595846325577
E70,EUCUMBENE_ABOVE,4002,0.11394302848575712,-0.00353690167413328,-0.14929171668667532,-0.15302120848338963,-0.191248099239696,-0.10603601440576234,1190.0,0.06939714941631661,0.06168740088960882,0.33026647476600357,0.016845002913741337,0.11950545757237081,3414,-0.2823262638388686,-0.24925170068027191
E7,EUCUMBENE_BELOW,4002,0.10919540229885058,-0.012499554436034692,-0.03821793878394641,-0.1606466092428842,-0.07592885998965176,-0.000791149171370207,1648.0,0.10817226819063674,0.06850450390925214,-0.14810437232166918,0.03390651833879824,0.11253648410872313,3414,-0.044176494250374655,0.345633316849083
E79,SNOWY,4002,0.10819590204897551,0.026094180760684607,-0.0069701184157146346,-0.04154049200119947,-0.04202041569802478,0.030666894837503518,2183.0,0.11633545109049362,0.035573628115935736,-0.16868960034678904,0.00521791944634659,0.07021966576131751,3414,-0.017426536509068936,0.04006925203663464
E87,SNOWY,4002,0.10419790104947527,0.06208146276490873,0.04447313538401628,0.07315225736004316,0.0020892341601549654,0.08930346899814427,2183.0,0.14898818268992112,0.09305039584747361,0.06707113474520421,0.04538532118416341,0.14838452514801595,3414,-0.019511859224727944,0.1537625726972832
E15,THREDBO,4002,0.11144427786106946,0.0057018545297715766,-0.05708288293219525,-0.191541479197317,-0.08579730928454728,-0.025167962615877563,1839.0,0.08980510666595878,0.01305477448321139,-0.2045105336131604,-0.010137232304438231,0.03556126891927579,3414,-0.04491436226681622,0.25564576528438615
E23,SNOWY,4002,0.10569715142428786,0.04858623201332469,0.01162833911943089,-0.04932556496247431,-0.024201955357849605,0.04780855114601698,2183.0,0.1367434083401358,0.0659401618139723,-0.0739931208622171,0.030511518538059154,0.10636000045638305,3414,-0.017284989727954884,0.2026200893633334
E31,THREDBO,4002,0.11669165417291354,-0.041114874292817655,-0.04056199473989251,0.0035983166488708918,-0.0753313423837194,-0.0030652898828780755,1839.0,0.046948396441710206,0.04448401327984004,0.016830362710472446,0.006561844300916372,0.08974512126491267,3414,-0.05575546203604906,0.14213507334973258
E39,SNOWY,4002,0.10719640179910045,0.03509100126174064,-0.025128894358873614,-0.14018069297519886,-0.05544384157810801,0.005341107064557788,2183.0,0.1244986339903505,0.018461223987661028,-0.20033939392787192,-0.006561388331586569,0.04759111320545833,3414,-0.015633078309541696,0.3156879010559418
E47,SNOWY,4002,0.10594702648675662,0.04633702688806068,0.012704612010385133,-0.11258628371541513,-0.023973424504142665,0.04777735441218617,2183.0,0.13470261261517158,0.046930494313495344,-0.23050446325708107,0.016706357733743998,0.0802594551830486,3414,-0.016134794841537792,0.12387251375210405
E55,THREDBO,4002,0.11069465267366317,0.012389958647284323,-0.015473914339675423,-0.06719191833567106,-0.05580110350396461,0.02627776026783424,1839.0,0.09592749384085143,0.07541734700964164,-0.04141433895933311,0.02508480682984064,0.13446124780907098,3414,-0.05182267120357442,0.22468414726910974
E63,EUCUMBENE_BELOW,4002,0.1111944027986007,-0.031035015386808782,-0.046394180295706376,-0.09646445970627082,-0.08622700454544216,-0.002422250380580761,1648.0,0.09184590239092301,0.04741898545791657,-0.2066220276334102,0.010330233620528217,0.08640756974876458,3414,-0.047554502120722784,0.3051696123349374
E71,SNOWY,4002,0.0967016491754123,0.12955761652282896,0.06580999410815476,-0.008484735272107247,0.010765137682984852,0.12673993658069363,2183.0,0.21021205443884763,0.128421917246143,0.025132165072350388,0.052303486844057535,0.24245901276765008,3414,-0.01802755026777976,0.4158977499379751
E8,EUCUMBENE_BELOW,4002,0.11019490254872563,-0.021767284911421738,-0.06910862551364308,-0.2453932820514122,-0.10188959807371742,-0.03606906017206344,1648.0,0.10000908529077987,0.03974431185089297,-0.20466136968426152,0.008691365729723014,0.07606487058418028,3414,-0.039716143049925746,0.3051696123349374
E80,SNOWY,4002,0.11169415292353824,-0.005394690993011502,-0.012510335705652048,0.023008418586318635,-0.047516711064490146,0.025906535583282604,2183.0,0.08776431094099457,0.026020108709650408,-0.11302104235312804,-0.001086061809121811,0.05539171725364321,3414,-0.018600153065205665,0.3845311197565703
E88,SNOWY,4002,0.11244377811094453,-0.012142306368803524,-0.03499607434265411,-0.09048452593287515,-0.06632356464628972,0.001976530141437943,2183.0,0.08164192376610191,0.02034057068327276,-0.08974822531727022,-0.009087940045805574,0.05581480802720182,3414,-0.016536644983038487,0.2026200893633334
E16,THREDBO,4002,0.11019490254872563,0.016848694725626154,-0.03620744362655276,-0.15467697830864713,-0.0710388178070944,-0.0009689186155211725,1839.0,0.10000908529077987,0.02787953909369538,-0.09107416269249569,-0.0003523606190061852,0.057414423078354024,3414,-0.04696239009396461,0.25564576528438615
E24,SNOWY,4002,0.10694652673663169,0.037340206387004644,-0.018138994499037962,-0.009391190277799333,-0.048764062028737426,0.012794163656762989,2183.0,0.1265394297153147,0.02069627924603582,-0.10774235696012247,-0.002772088054660163,0.04621872208008932,3414,-0.01801106926767623,0.03337765373167222
E40,SNOWY,4002,0.1184407796101949,-0.06612322937513972,-0.038222978129814976,0.027083740824645153,-0.06916022076668636,-0.006223800852344711,2183.0,0.03266282636696068,0.01597036010191672,-0.020033329293610902,-0.016801625596404694,0.05074942213701407,3414,-0.01867424983317526,0.13564764813257452
E48,SNOWY,4002,0.12018990504747626,-0.08186766525198777,-0.02110483233493495,0.13656836865990485,-0.05881395630802831,0.015949774780344598,2183.0,0.018377256292211156,0.03244525987164538,-0.1357995895420454,-0.001235924543439957,0.07627247978539867,3414,-0.020664879430180024,0.060086712752407186
E56,THREDBO,4002,0.11519240379810095,-0.02773866605779216,-0.05502357444350076,-0.10414093650303047,-0.08498411508550134,-0.0212971484914337,1839.0,0.05919317079149552,0.04077995664799755,-0.0014467228472329063,0.005755543644676277,0.08329485715344831,3414,-0.04976994797205438,0.22468414726910974
E64,EUCUMBENE_BELOW,4002,0.10869565217391304,-0.00786568919834117,-0.04108305677820152,-0.04978610651572335,-0.07626258986817948,-0.0065605803523477385,1648.0,0.11225385964056518,0.06076895968493723,-0.0928354348408017,0.02864713752708248,0.09616503964273541,3414,-0.05001125755180423,0.348575803682147
E72,SNOWY,4002,0.10644677661169415,0.04183861663753266,0.0006925846618999377,-0.0014535528103336581,-0.03343706752235395,0.032729584811159514,2183.0,0.13062102116524316,0.03843262984329626,-0.07463667377226091,0.007986800642965145,0.07359037704849364,3414,-0.018155389948902888,0.0798062160553614
E95,SNOWY,4002,0.1096951524237881,0.012598950009100562,0.03585175168386945,0.05013905692865528,-0.021528772520040103,0.09584920261621063,2183.0,0.10409067674070831,0.07250654054321232,-0.05582399994158671,0.017827215857943626,0.15901624967571457,3414,-0.01909343739870274,0.06461082062856427
T27,TENTERFIELD,4002,0.10069965017491254,0.063096882277164,0.021022722877067974,-0.09953783736647759,-0.017954871091827536,0.06251420705125421,1890.0,0.17755932283942016,0.1344613687680781,0.19319662812935712,0.08263787031304978,0.1966559608620795,3414,-0.02369637270088225,0.17978699698619766
T35,TENTERFIELD,4002,0.10919540229885058,-0.015947053213100082,-0.015167331620740654,0.07167867903864122,-0.05016465853353676,0.022268016614283098,1890.0,0.10817226819063674,0.08332344434319222,0.2747251253291738,0.04092737824665437,0.13025562999561377,3414,-0.02820207050101705,0.4056534389959531
V1,MITTA_ABOVE,4002,0.11344327836081959,-0.030348314292897364,-0.053942286041799646,-0.049931606891776115,-0.09140633578903676,-0.017471434844614157,1681.0,0.07347874086624503,0.07018261122610624,0.3744036947642557,0.023599387512451078,0.13290980976546898,3414,-0.07917236609235244,0.06527910386589551
SDS4,SEVERN_BELOW,4002,0.09970014992503748,0.03166651525573296,-0.03069978562555739,-0.043462306364798864,-0.0673979413983164,0.010574471249245626,1516.0,0.18572250573927704,0.0863979759324099,-0.013361874754550307,0.05331687198357866,0.12039808962556019,3414,-0.059783605852200224,0.013447252017860544
SDS12,SEVERN_BELOW,4002,0.10944527736131934,-0.06298262235084953,-0.06502812367554742,-0.026007473909321344,-0.1035847068083117,-0.025141052217714458,1516.0,0.10613147246567253,0.08708262873299503,0.2082334333163074,0.04252987213475421,0.1391414667697813,3414,-0.06087453288066752,0.04864653609526278
SUS20,SEVERN_ABOVE,4002,0.10269865067466268,0.023118506747011852,-0.01875746353533088,-0.10261086897510519,-0.06501462117823278,0.03600463787961335,1572.0,0.16123295703970641,0.10242014562702789,-0.047183728747089426,0.05614047118886783,0.15924926226503633,3414,-0.04079041504658623,0.2260431772145185
SUS28,SEVERN_ABOVE,4002,0.10644677661169415,-0.012534102495797934,0.0010867146046791864,0.19569460706224096,-0.04649207230407815,0.0515977127083586,1572.0,0.13062102116524316,0.13937538883978673,0.23485402925171206,0.07198366518218183,0.2234053572859341,3414,-0.0543497548664657,0.1695352089079408
SUS36,SEVERN_ABOVE,4002,0.10619690154922538,-0.010157261879610616,-0.056880029498684065,-0.18624888366614678,-0.0933617730989894,-0.020705081535526238,1572.0,0.13266181689020737,0.0933254647836091,0.012826964469229152,0.04545462833830436,0.15021313279862647,3414,-0.03698868710608436,0.31545963253428305
T11,TENTERFIELD,4002,0.10294852573713144,0.042173487588564686,0.00817551066765029,-0.06282735171515963,-0.03047457791209922,0.047393492411439225,1890.0,0.1591921613147422,0.08519895337057577,0.20345181651391608,0.04730225603112225,0.1305379252379376,3414,-0.024662438112759064,0.04670272876847137
T19,TENTERFIELD,4002,0.10644677661169415,0.009625984739632415,0.0027029200613285665,0.05421809712926118,-0.03797961759309997,0.05148680145183756,1890.0,0.13062102116524316,0.09981498638865807,0.25102271144794264,0.05784742239636725,0.1507205193023978,3414,-0.02774258150340178,0.12504096071636656
E96,SNOWY,4002,0.11894052973513243,-0.07062163962566773,-0.022066127624523073,0.053591706950784745,-0.05840983089810227,0.015590783506815966,2183.0,0.028581234917032246,0.053829681029866086,-0.014145824941763419,0.004133473105743602,0.11831878737207319,3414,-0.019156212853650507,0.530101728836371
T28,TENTERFIELD,4002,0.1184407796101949,-0.10196545359956394,-0.06848233035145346,-0.012784267759416768,-0.10116169748358507,-0.03521962510819877,1890.0,0.03266282636696068,0.033287454047026266,0.12217219618068964,0.00327662217630976,0.06654534553558251,3414,-0.025979361374752277,0.03303614221296158
T36,TENTERFIELD,4002,0.09895052473763119,0.07937063370163014,0.008728994642117965,-0.1312320520987147,-0.032253906070511214,0.0576303528973701,1890.0,0.19184489291416967,0.12257604146441121,0.02584910122648143,0.05056486536637768,0.230250428480023,3414,-0.022862314418454998,0.3390114296280932
V2,MITTA_ABOVE,4002,0.10519740129935032,0.04454484511605773,-0.015374435559945152,0.02690031063929088,-0.05494549410961093,0.02480318148452986,1681.0,0.14082499979006424,0.10991565462244278,0.3532425945490383,0.05385751258696548,0.18392986309420561,3414,-0.08557502588660813,-0.03576730162205209
SDS5,SEVERN_BELOW,4002,0.10494752623688156,-0.0192984049939653,-0.055215405219393665,-0.12781308347378162,-0.09055704006493322,-0.01549732050689077,1516.0,0.14286579551502845,0.05495890386888714,-0.1156251652785717,0.026266004764824616,0.0849662302307015,3414,-0.05451168228288882,0.011258231038818406
SDS13,SEVERN_BELOW,4002,0.09920039980009995,0.036520317184275654,-0.03756479224075008,-0.0066847792340495316,-0.07367203827766276,-0.000992755596991224,1516.0,0.18980409718920546,0.05814569903678927,0.09587408738437175,0.029024861131294846,0.0926874676652549,3414,-0.062082201297872175,-0.011235779436813228
SUS21,SEVERN_ABOVE,4002,0.11444277861069466,-0.08859300221379214,-0.04571685289005925,0.17500420586045684,-0.08793355005782855,0.0006214209392538319,1572.0,0.06531555796638817,0.05915078147289553,0.07644396607734905,0.026249219341868846,0.09625696466485242,3414,-0.05340928208456644,0.03697036091720291
SUS29,SEVERN_ABOVE,4002,0.1031984007996002,0.018364825514637213,0.006376735991287729,-0.0016082704693499705,-0.036018142758088366,0.054057160565341156,1572.0,0.157151365589778,0.12961563172215584,0.026587529097601204,0.08847055976654095,0.17815542688171446,3414,-0.045381442251393345,0.1695352089079408
SUS37,SEVERN_ABOVE,4002,0.14392803598200898,-0.3690601949238958,-0.20369892919868068,0.2740294995763315,-0.23645497284736225,-0.16814810393411825,1572.0,-0.17549833757938954,-0.023244964370359836,0.13591200292410277,-0.0627412858469311,0.02790903744631999,3414,-0.05791043179892444,0.13534627462135473
T4,TENTERFIELD,4002,0.10494752623688156,0.02357491453203196,-0.012330085657038005,-0.05656840513258765,-0.04719965577819798,0.02283662035370113,1890.0,0.14286579551502845,0.07963139288791306,0.06758805065145501,0.047238117216927285,0.11355722433236468,3414,-0.02482714723335306,0.042475424394544097
T12,TENTERFIELD,4002,0.09970014992503748,0.07239616880543036,-0.011355770783816383,-0.21007976839095888,-0.04223084249109629,0.02334013998255417,1890.0,0.18572250573927704,0.07572937127972905,-0.04923569485211243,0.03875546821272438,0.11715678995681932,3414,-0.020787374516027454,0.17978699698619766
T20,TENTERFIELD,4002,0.11269365317341329,-0.04849455606203235,-0.0613970116398386,-0.14478279891298718,-0.09262003980752276,-0.032264068683944096,1890.0,0.0796011280411377,0.05399699070697241,0.08430397549691548,0.019020447378218213,0.09351504629638657,3414,-0.022505715818079336,0.3816446443160945
E97,SNOWY,4002,0.11619190404797601,-0.04588038324776364,-0.025770173813127868,0.029838621830826417,-0.07014303445069145,0.027502120463100455,2183.0,0.051029987891638644,0.025224622161438337,-0.04698815428869585,-0.010835570682207711,0.07694898489724883,3414,-0.01872433857874214,0.060086712752407186
T29,TENTERFIELD,4002,0.11044477761119441,-0.027571161373433035,-0.017162776898214466,-0.009743680276640965,-0.05827934665808497,0.02217337088753904,1890.0,0.09796828956581566,0.09150412485292203,0.17281557219154609,0.033105219704848234,0.16047363412354126,3414,-0.02605937683482536,0.14599971824495603
V3,MITTA_ABOVE,4002,0.111944027986007,-0.016731376218541892,-0.04803359917753626,-0.03591921183527824,-0.08271924248940477,-0.00824614676581566,1681.0,0.08572351521603035,0.06358829177952612,0.18004578818189487,0.023361015464400798,0.11778232781653725,3414,-0.08034006568039391,-0.02873394919395159
SDS6,SEVERN_BELOW,4002,0.09470264867566217,0.08020453454115989,0.01554476764530466,-0.022738978582641955,-0.02815675448442413,0.06880586519870668,1516.0,0.22653842023856138,0.12009806361010683,0.013520268498845356,0.0737610535372213,0.18439615791175387,3414,-0.0610788138385851,0.006787432819490524
SDS14,SEVERN_BELOW,4002,0.09295352323838081,0.0971928412910593,0.04961956186801903,0.00403533261622302,0.000762602989492287,0.10610035232443112,1516.0,0.24082399031331092,0.12816813657050413,0.09193414770350916,0.07570971325277483,0.19687995420888607,3414,-0.06275220828851417,-0.011235779436813228
SUS22,SEVERN_ABOVE,4002,0.10519740129935032,-0.000649899414861339,-0.030392059044168588,-0.07141240061313359,-0.06871268262528875,0.007312135030188001,1572.0,0.14082499979006424,0.11328105338052578,0.11044549901507716,0.06572279211818463,0.16654579533205693,3414,-0.04220852724485774,0.17084192678687432
SUS30,SEVERN_ABOVE,4002,0.10844577711144428,-0.03154882742529649,-0.00917472544682052,0.20737161923111525,-0.060236628341522915,0.045777197567580315,1572.0,0.11429465536552941,0.06659877243734777,0.14976577533192525,0.032549968677265034,0.10423429968913953,3414,-0.05488052814686915,0.043340500174723864
SUS38,SEVERN_ABOVE,4002,0.11044477761119441,-0.05056355235479504,-0.04460505219438126,0.010433926102952462,-0.08526151859662721,-0.00557711830744459,1572.0,0.09796828956581566,0.09251625240627553,0.10437766563625028,0.05135679333943803,0.14034654751734071,3414,-0.045928814822861645,0.11642766164255074
T5,TENTERFIELD,4002,0.10044977511244378,0.06542170390923059,0.016733017646513165,-0.10386005767234785,-0.025451152882924186,0.07091563996178991,1890.0,0.17960011856438438,0.12420264832009924,0.11404181602950403,0.0522041143434001,0.2317560247162061,3414,-0.0235826300612541,0.12504096071636656
T13,TENTERFIELD,4002,0.10744627686156921,0.0003266982113660525,-0.03431784425659755,-0.06324878296026393,-0.0658063946216107,4.47707863001546e-05,1890.0,0.12245783826538627,0.044587900941915275,0.14536636810457448,0.01632786384170804,0.0725122756609573,3414,-0.02465134781683526,0.4294552176665796
T21,TENTERFIELD,4002,0.10619690154922538,0.011950806371699004,-0.01374384739327666,0.004390221700703467,-0.04691502338938496,0.01989048980520401,1890.0,0.13266181689020737,0.1053740288583829,0.24657569863383166,0.06049787411698481,0.15543229553549706,3414,-0.026431321623702816,0.14351045737764612
E98,SNOWY,4002,0.11344327836081959,-0.021139126869859557,-0.009791639165707636,-0.0986988840346763,-0.04717069293075112,0.03267224972333471,2183.0,0.07347874086624503,0.037450120389866996,-0.07736165851655485,-0.0008162955388624733,0.07757331517324204,3414,-0.01638729301755121,0.36803342703805775
T30,TENTERFIELD,4002,0.11344327836081959,-0.05546902095823212,-0.04839756259793321,-0.11892546908448864,-0.08409180997950275,-0.010829300365317429,1890.0,0.07347874086624503,0.08153605019049656,0.11265049936816718,0.032490481826137806,0.14363680475556415,3414,-0.023186171866197754,0.14599971824495603
T38,TENTERFIELD,4002,0.1031984007996002,0.039848665956498094,-0.03063449917241794,-0.21024747852975978,-0.06303963291947522,-0.0012944943832615778,1890.0,0.157151365589778,0.06810853829480716,-0.00874093046420188,0.03279328740786676,0.10950410134188791,3414,-0.02078296109132215,0.3390114296280932
V4,MITTA_ABOVE,4002,0.10169915042478761,0.07631770062288716,0.02276663634785568,0.017956027023689147,-0.018853265793454206,0.07458225895943058,1681.0,0.1693961399395633,0.16163641931613587,0.32391960272328224,0.0662861603546622,0.2811794302074824,3414,-0.08482966891864129,-0.02094252985517703
SDS7,SEVERN_BELOW,4002,0.10644677661169415,-0.03385981077959338,-0.02913703425295366,0.002335831540626998,-0.08070009239864519,0.026878012934537863,1516.0,0.13062102116524316,0.08695242370812298,0.12789102107748906,0.046755028503348596,0.1356900604698434,3414,-0.06264598947128938,-0.009847805936009564
SDS15,SEVERN_BELOW,4002,0.10619690154922538,-0.031432909815322034,-0.05633125328919756,-0.08336759749533129,-0.09647170463699854,-0.01577247558703986,1516.0,0.13266181689020737,0.08236759158997219,0.11904762697804694,0.04777010723315063,0.1233525975337445,3414,-0.05728952515654194,0.038764673882112945
SUS23,SEVERN_ABOVE,4002,0.10069965017491254,0.0421332316765104,-0.008762830374562058,-0.10966540628971366,-0.046985148337854964,0.036533726884492815,1572.0,0.17755932283942016,0.0928948468553847,-0.08688142812977462,0.06017091039505142,0.13153105660028805,3414,-0.040469754259558594,0.2781264738998525
SUS31,SEVERN_ABOVE,4002,0.095952023988006,0.08729320338406947,0.00012702344827440756,-0.12492073670072479,-0.03928025030175191,0.038816104746432815,1572.0,0.2163344416137403,0.10345667913314317,-0.013771106650293463,0.07204208365806274,0.14010930729327614,3414,-0.039776330149967204,0.3259993023122545
SUS39,SEVERN_ABOVE,4002,0.10169915042478761,0.03262586921176113,-0.0037415507403477256,-0.12320787614433792,-0.046392664992265964,0.042759245817331586,1572.0,0.1693961399395633,0.1391888281096943,0.08076477369630997,0.08215473620582434,0.21383929207464256,3414,-0.03985418744798477,0.17084192678687432
T6,TENTERFIELD,4002,0.10769615192403797,-0.0019981234207005383,-0.004612593774909998,0.01665873800737061,-0.047647312168020574,0.039592343378405066,1890.0,0.12041704254042206,0.10526762605340859,0.24889573298372447,0.056742129116894476,0.1603442332423759,3414,-0.026754177315983566,0.026412894347263263
T14,TENTERFIELD,4002,0.10044977511244378,0.06542170390923059,0.05741910126825139,0.04192999418058907,0.007090253017539329,0.12004097891052597,1890.0,0.17960011856438438,0.14429187854922315,0.17025687788907562,0.09133208098290856,0.2072650835537228,3414,-0.02741921037317351,0.03605177690292503
T22,TENTERFIELD,4002,0.10944527736131934,-0.018271874845166673,-0.03100209707736436,-0.06426181123298413,-0.06889306677106076,0.015075392983102488,1890.0,0.10613147246567253,0.06980966230268551,0.22112095174236135,0.02788488801627962,0.12277833985288916,3414,-0.024624689178079456,0.3816446443160945
E99,SNOWY,4002,0.1054472763618191,0.05083543713858869,0.03185952703336677,-0.043767298656064546,-0.008878550512933238,0.07600478835729386,2183.0,0.1387842040651,0.08275645668161709,-0.09830709515648717,0.040824297135916385,0.13433974777058166,3414,-0.017386049115344162,0.530101728836371
T31,TENTERFIELD,4002,0.11619190404797601,-0.08104205891096462,-0.05984696359115357,-0.046832156007082903,-0.09319577986544926,-0.022918735549378545,1890.0,0.051029987891638644,0.038988801459938154,0.10457940249931208,0.010566628284650182,0.07138106988691709,3414,-0.025083364315603204,0.20147610567522034
T39,TENTERFIELD,4002,0.07671164417791104,0.2862797589555567,0.2415437961792245,0.18593295185214886,0.17000840039876874,0.31466361810756355,1890.0,0.3734757124359851,0.35060498292838593,0.35250024797685353,0.2529999715485883,0.48230999450682005,3414,-0.03120876189084623,0.4056534389959531
V5,MITTA_ABOVE,4002,0.1141929035482259,-0.0371567833300751,-0.07289840469008044,-0.15709731605399946,-0.11152939621989597,-0.032365799945202195,1681.0,0.06735635369135239,0.04304599957356595,0.3608085839156252,0.006070722929031848,0.08224816631851295,3414,-0.07024189032883378,0.07113611209514066
SDS8,SEVERN_BELOW,4002,0.10569715142428786,-0.02657910788677934,-0.042388006736473,-0.056371516242998077,-0.08723430339364878,0.0037549791214359913,1516.0,0.1367434083401358,0.0884620942161081,-0.06169221400254865,0.04812965802493793,0.13988715433426313,3414,-0.05897678023481271,0.005995933543663168
SDS16,SEVERN_BELOW,4002,0.10394802598700649,-0.009590801136879917,-0.05532655632139928,-0.09581727308967658,-0.09188032358428752,-0.016483742890312892,1516.0,0.15102897841488533,0.09680785776883132,0.13900742009418532,0.05102194052554767,0.14959568833189474,3414,-0.056511420431895346,0.016360583305446277
SUS24,SEVERN_ABOVE,4002,0.10819590204897551,-0.02917198680910917,-0.04796227906414183,-0.040254077942331934,-0.08921814609317692,-0.004443170883639959,1572.0,0.11633545109049362,0.05725628249139464,-0.07233518149799256,0.025854102125228644,0.08922264511475646,3414,-0.04362481463898505,0.2781264738998525
SUS32,SEVERN_ABOVE,4002,0.10569715142428786,-0.005403580647235977,-0.02910650651128585,0.002810486669559298,-0.0687307689066311,0.012928889265364719,1572.0,0.1367434083401358,0.10190662182447995,0.00718459813968475,0.05430930507945904,0.1565546605269549,3414,-0.04558229484861654,0.13534627462135473
SUS40,SEVERN_ABOVE,4002,0.11244377811094453,-0.0695782772842936,-0.07534764759034279,-0.11902422770756516,-0.11317120062514346,-0.037278553088142735,1572.0,0.08164192376610191,0.05940843605654457,-0.0818401387385792,0.021301159998299277,0.10355969273589677,3414,-0.04004435328601995,0.31545963253428305
T7,TENTERFIELD,4002,0.10994502748625687,-0.022921518109299852,-0.007984293351389844,0.07110776752596393,-0.054787550157161316,0.0470120825485184,1890.0,0.1020498810157441,0.06467349001833168,0.26587894895437625,0.031107527136734113,0.10185000494914641,3414,-0.028187046513841296,0.04670272876847137
T15,TENTERFIELD,4002,0.09820089955022489,0.0863450985978299,0.051760773408347165,0.04814025397395727,0.007393731474277662,0.0926280582660245,1890.0,0.19796728008906234,0.15764168739642623,0.3616663909830631,0.09737249471918417,0.2322140125492879,3414,-0.027582638262472647,0.0319292179399059
T23,TENTERFIELD,4002,0.10169915042478761,0.053797595748897635,0.04374961625851361,0.12261652680256807,-0.009684891325354309,0.10895321732316463,1890.0,0.1693961399395633,0.14119978176246759,0.2348162671561127,0.07408750922782384,0.2201535624578239,3414,-0.029542540179015166,0.044539402083396455
E100,SNOWY,4002,0.10794602698650675,0.028343385885948615,0.010771305529073658,0.16787368032496208,-0.02503314821435228,0.051949652543614236,2183.0,0.11837624681545783,0.05195499004579473,-0.020907770141523452,0.005885314350984253,0.11621365401868748,3414,-0.02123406691499926,0.030251901520775178
T32,TENTERFIELD,4002,0.10219890054972514,0.04914795248476445,0.03994954612814164,0.09852209020705383,-0.009592415976845677,0.08950024782265453,1890.0,0.16531454848963484,0.15812641868172655,0.3073202670109161,0.08528525371530346,0.2556965400206023,3414,-0.028908476058080498,0.06064309216056397
T40,TENTERFIELD,4002,0.10994502748625687,-0.022921518109299852,-0.006814787334785415,0.24553219443080043,-0.05087727056787249,0.035577980480723616,1890.0,0.1020498810157441,0.044548775492629714,0.028045588215339645,0.015060030013770188,0.075617295257261,3414,-0.03277716301133715,0.14980037045083053
V6,OVENS,4002,0.1096951524237881,0.03178676638985515,-0.023329614263360568,-0.061593599652941866,-0.058313584091364404,0.009210534234897507,1859.0,0.10409067674070831,0.06402743384943772,0.45185387327755233,0.02747735518508932,0.10756911599064295,3414,-0.05213368890817047,0.20024323068558458
SDS9,SEVERN_BELOW,4002,0.10469765117441279,-0.016871504029693955,-0.03179821269274219,-0.0017627491660341388,-0.07300796905905962,0.011251004205128479,1516.0,0.14490659123999267,0.09970824191629209,0.04757219244638944,0.05296277145796433,0.1506154449857338,3414,-0.06238982817712307,0.006787432819490524
SDS17,SEVERN_BELOW,4002,0.10519740129935032,-0.021725305958236647,-0.038758120573247255,0.011333927141192301,-0.0834361247260438,0.008072936180647637,1516.0,0.14082499979006424,0.06874948243529554,0.048842887795656376,0.032603661761390075,0.10966732402510397,3414,-0.06320837044632463,0.04864653609526278
SUS25,SEVERN_ABOVE,4002,0.10869565217391304,-0.03392566804148381,-0.015263587987154442,0.07643037609705816,-0.061987571083236825,0.03341420963906788,1572.0,0.11225385964056518,0.10442023549050759,0.08884932193876804,0.05152596045574217,0.16500089787935196,3414,-0.04892865345895736,0.03697036091720291
SUS33,SEVERN_ABOVE,4002,0.10094952523738131,0.03975639106032309,-0.027120566652219884,-0.12263666663952377,-0.06602718098929262,0.012941961778029771,1572.0,0.17551852711445595,0.09348003239686462,-0.027316945062313747,0.05030099197145069,0.142735732554756,3414,-0.03988015151638541,0.2798723738303818
SUS41,SEVERN_ABOVE,4002,0.09570214892553723,0.08967004400025679,0.004525885325883753,-0.042280815532740434,-0.034513170784529,0.044162066829199806,1572.0,0.2183752373387045,0.11303805704169922,0.19087645352950156,0.07650212864701786,0.15712127302096054,3414,-0.04353269020305747,0.12830078451621954
T8,TENTERFIELD,4002,0.1096951524237881,-0.02059669647723326,-0.028125720777680187,0.020673868015334218,-0.06452943454087154,0.012323221199565573,1890.0,0.10409067674070831,0.07928916226405656,0.22494695615716664,0.03243252172430967,0.14810275271855927,3414,-0.02685983863198255,0.03605177690292503
T16,TENTERFIELD,4002,0.10619690154922538,0.011950806371699004,-0.0013942552893263743,-0.07871141240674406,-0.044006155751625066,0.03837504616339118,1890.0,0.13266181689020737,0.10811265929075095,0.1247570171276815,0.06149551672710374,0.16881898623971686,3414,-0.024244436515612096,0.4294552176665796
T24,TENTERFIELD,4002,0.10669665167416292,0.007301163107565825,-0.0017132031297351143,0.034578218395783455,-0.036236765001647415,0.03811759394760294,1890.0,0.12858022544027892,0.09424737231597187,0.13974831934112952,0.052879179118968646,0.13795294130028923,3414,-0.027225742589362834,0.09238057406692178
SDS2,SEVERN_BELOW,4002,0.10794602698650675,-0.04842121656522145,-0.07328079875094096,-0.05475338061429291,-0.11006926379970697,-0.0334213549241844,1516.0,0.11837624681545783,0.08448187864609799,0.010161654776224216,0.046192134082408326,0.12714005901924602,3414,-0.05907791371160674,0.04128414049465627
T33,TENTERFIELD,4002,0.11144427786106946,-0.036870447901699396,0.0010163941875999073,0.31911122686723603,-0.04454477062289927,0.05347009293605892,1890.0,0.08980510666595878,0.05555754780861807,0.22166520998374928,0.018333643087782403,0.09843309080760254,3414,-0.0347134533386117,0.14980037045083053
T41,TENTERFIELD,4002,0.10844577711144428,-0.00897258831690031,0.047567328593706174,0.5779954953755253,-0.008277770271317854,0.10624125017874227,1890.0,0.11429465536552941,0.09807662407648829,0.6016026136142534,0.05021596135643808,0.16019517344233328,3414,-0.04152619724672466,0.11297061104918606
SDS10,SEVERN_BELOW,4002,0.1111944027986007,-0.07997092910074895,-0.025859171407534114,0.15057472791292925,-0.07747576576165567,0.03367777573851578,1516.0,0.09184590239092301,0.10768231026452992,0.30488042720521125,0.05098728988070574,0.17392239789304897,3414,-0.0719109204945582,-0.025036222573147963
SDS18,SEVERN_BELOW,4002,0.07196401799100449,0.30105252228985235,0.19202331943803908,0.11601403837748103,0.13773965619340228,0.2468222023570755,1516.0,0.4122508312103052,0.36952836309893017,0.33509932701003,0.26312759879372793,0.49125752791788657,3414,-0.06975087739859277,-0.013606132557572401
SUS26,SEVERN_ABOVE,4002,0.10794602698650675,-0.026795146192921847,0.0017477365631345509,0.02170853776323778,-0.04975204743001386,0.06686802628944802,1572.0,0.11837624681545783,0.1658991588616308,0.24384658667550663,0.09139702669141403,0.25744074965726405,3414,-0.046441297171056405,0.06401343182361566
SUS34,SEVERN_ABOVE,4002,0.11044477761119441,-0.05056355235479504,-0.07442841052694721,-0.2812363319055876,-0.11232560431264033,-0.038731610936559795,1572.0,0.09796828956581566,0.06036570894997716,-0.08366223232092307,0.028336367837176638,0.09399720970241272,3414,-0.03267107582247341,0.3259993023122545
T1,TENTERFIELD,4002,0.10494752623688156,0.02357491453203196,0.010765339993741987,-0.001211143172934026,-0.03148854316643315,0.05879944945443319,1890.0,0.14286579551502845,0.1010593549489732,0.27412806817209123,0.0520583477085244,0.15856607034375336,3414,-0.02628391728492292,0.05982725126548555
T9,TENTERFIELD,4002,0.1024487756121939,0.04682313085269786,0.01565623585147415,-0.07171862842285848,-0.031108592050260824,0.06774122602652702,1890.0,0.16327375276467063,0.12300052424079917,0.13232202297620788,0.057532902769564596,0.22291901549495177,3414,-0.024428457146766967,0.05982725126548555
T17,TENTERFIELD,4002,0.11044477761119441,-0.027571161373433035,-0.013301088307151399,0.036349006012731166,-0.05106571446475758,0.028150134484734978,1890.0,0.09796828956581566,0.09912087996956252,0.21632475393189998,0.049588456301245906,0.1574331179440171,3414,-0.02727234226349309,0.09238057406692178
T25,TENTERFIELD,4002,0.10644677661169415,0.009625984739632415,-0.011535831826746565,-0.03430359602767086,-0.04922579547960812,0.02450743530304877,1890.0,0.13062102116524316,0.06918331014569741,0.03735403818981098,0.03327744264578052,0.11266334037816628,3414,-0.025413063262429817,0.034881682051252076
SDS3,SEVERN_BELOW,4002,0.10519740129935032,-0.021725305958236647,-0.012833300918752918,0.02652274270098154,-0.05680714478760387,0.03261393757067133,1516.0,0.14082499979006424,0.1412142771394042,0.25061038014900716,0.08137402303946596,0.20933548721425263,3414,-0.06415767141881146,0.04128414049465627
T34,TENTERFIELD,4002,0.1096951524237881,-0.02059669647723326,0.0022092202024482643,0.10181948892587234,-0.0361844589850867,0.04648154810046305,1890.0,0.10409067674070831,0.12312907670574934,0.21837123439064854,0.06894357140016086,0.1840081273893465,3414,-0.028995249708575723,0.043047331763094165
SDS11,SEVERN_BELOW,4002,0.10744627686156921,-0.043567414636678764,-0.08980060064901887,-0.178870975518714,-0.12377223693710893,-0.057240058377530816,1516.0,0.12245783826538627,0.05088383351210845,-0.03625647370409402,0.019911416550952632,0.08828639019212532,3414,-0.051320564030080555,-0.009847805936009564
SUS19,SEVERN_ABOVE,4002,0.10144927536231885,0.035002709827948446,-0.034168745903802894,-0.2410267287199661,-0.07291570501302448,0.003962086395627746,1572.0,0.1714369356645275,0.09420083580143987,-0.09999241880971377,0.05857619370734674,0.13625852952166256,3414,-0.034498785058183476,0.2809327262744505
SUS27,SEVERN_ABOVE,4002,0.11019490254872563,-0.048186711738607724,-0.03396701242834071,0.04972903864465139,-0.07968873134115335,0.008511353385609986,1572.0,0.10000908529077987,0.07657809942445007,-0.015187253365827269,0.02877850208459061,0.12718896768712423,3414,-0.04771495630202982,0.052100219087507456
SUS35,SEVERN_ABOVE,4002,0.07321339330334832,0.3035856994571155,0.16902878363396515,-0.02328037572149988,0.11232654301871225,0.22711836459701804,1572.0,0.4020468525854841,0.26282086949831823,0.06989768010877073,0.1941639666488264,0.3376904865155165,3414,-0.044396346558113774,0.2260431772145185
T2,TENTERFIELD,4002,0.09945027486256872,0.07472099043749696,0.020316371189854396,-0.09991588405342089,-0.01712073595111943,0.05754489538233463,1890.0,0.18776330146424125,0.10168622009625643,0.11422653279165518,0.06459163608515661,0.14327622616082306,3414,-0.02368642410385744,0.034881682051252076
T10,TENTERFIELD,4002,0.10919540229885058,-0.015947053213100082,-0.03093869790649132,-0.1442889848233273,-0.0637376706596696,0.0025033723541513517,1890.0,0.10817226819063674,0.07540728451325643,0.04389828606785384,0.03860391746298619,0.11658534797339191,3414,-0.022518710925701978,0.20147610567522034
T18,TENTERFIELD,4002,0.10269865067466268,0.04449830922063127,-0.0007595920072589943,-0.08893210345524483,-0.04270919867596133,0.052820647605580834,1890.0,0.16123295703970641,0.06592190877585226,0.02124217630296199,0.032411775252389856,0.09907143027937002,3414,-0.023975470961704166,0.06064309216056397
T26,TENTERFIELD,4002,0.10044977511244378,0.06542170390923059,0.02303772338702493,-0.09590472114193249,-0.019708211540296783,0.07266250674897597,1890.0,0.17960011856438438,0.13545720819444204,0.1103100576120597,0.07025957197807521,0.22015542687682182,3414,-0.023791981022580802,0.018334191500688896
V7,OVENS,4002,0.11669165417291354,-0.02996715283812676,-0.048305598318106914,-0.04723161745159554,-0.08133851464280623,-0.016316705429656922,1859.0,0.046948396441710206,0.07076785519294716,0.38436678661140666,0.025787924321812195,0.12172667492632677,3414,-0.05293157680824531,0.20024323068558458
V15a,OVENS,4002,0.10119940029985007,0.10677366830954746,0.00879585664296554,-0.18945889227418933,-0.0277282810616043,0.04338556093224355,1859.0,0.1734777313894917,0.1283345273387713,0.07745329499844833,0.07013564906880215,0.2002110534422615,3414,-0.045030061540323386,0.18234436804759677
V23,MITTA_ABOVE,4002,0.10944527736131934,0.005963520572050561,-0.04570129577569647,-0.023714287450308458,-0.08206222232948052,-0.009158987116748049,1681.0,0.10613147246567253,0.07941018138792064,0.3608243089260301,0.01364417400887454,0.17759243102342134,3414,-0.08135714271247481,-0.01200723080845851
V31,MITTA_ABOVE,4002,0.10094952523738131,0.0831261696600649,-0.0122655080023075,-0.1498874672126589,-0.050032589643967715,0.02534388962047024,1681.0,0.17551852711445595,0.19080856788906586,0.35153505449593836,0.10232445635882584,0.2985238758473577,3414,-0.07084271106561207,0.08740302518305916
V8,OVENS,4002,0.11494252873563218,-0.014528673031131282,-0.038785203502961996,-0.06746135504771522,-0.07650194576798107,0.0015553802475809612,1859.0,0.06123396651645974,0.09451925425013759,0.5377728136116924,0.01675384511087958,0.2014589241022278,3414,-0.05180770249734971,-0.0012941274935484054
V15b,OVENS,4002,0.10644677661169415,0.06045822888856103,0.012216011973836349,-0.00036885380661355605,-0.025226574573393862,0.05616327945199367,1859.0,0.13062102116524316,0.11058017373545574,0.3032055357956769,0.05680931872408514,0.17540230265006743,3414,-0.055535063677411026,-0.018886759685584557
V24,MITTA_ABOVE,4002,0.10269865067466268,0.06723974190665019,0.014489181702811518,0.018993677499784756,-0.02553029708743922,0.05722610583110616,1681.0,0.16123295703970641,0.12817309644167404,0.22037896445179372,0.06457330865070715,0.20127952768954407,3414,-0.08491613979164929,-0.06616058395789634
V32,OVENS,4002,0.11544227886056972,-0.018939667261701418,-0.04234398993012603,0.07899149727417387,-0.07422861653762504,-0.00862686917526636,1859.0,0.0571523750665313,0.011033978016175944,0.4567496295425575,-0.017910061730245747,0.04925251557409001,3414,-0.05994397207078812,-0.028700765459779558
V9,OVENS,4002,0.11869065467266367,-0.0476111297604073,-0.039403516778718686,0.01727351956889578,-0.0772977397123099,0.00018393656274461875,1859.0,0.030622030641996464,0.04574874314137605,0.14076500321492746,0.0022118515098202246,0.09612165058411906,3414,-0.05651519553160597,0.047014831975497606
V17,OVENS,4002,0.1184407796101949,-0.045405632645122235,-0.04163773361417638,0.13130246725333805,-0.07610163870204716,-0.0029101152481605694,1859.0,0.03266282636696068,0.06499130647266897,0.45066157907359794,0.016105754770020502,0.1271792876687305,3414,-0.0628501370696304,-0.0036444118434314802
V25,MITTA_ABOVE,4002,0.10594702648675662,0.037736376078879995,-0.0009512776419966412,0.09525586543197484,-0.042433512270128294,0.04281257268074702,1681.0,0.13470261261517158,0.12748993789361776,0.4982630937618937,0.05463810199839201,0.2146629651289242,3414,-0.09127132211933191,-0.05568153145485557
V33,MITTA_ABOVE,4002,0.1141929035482259,-0.0371567833300751,-0.07972668514635989,-0.18145855523946308,-0.11129280404372117,-0.04508191763929505,1681.0,0.06735635369135239,0.04534530844736178,0.4312552354628021,0.008468058150876834,0.09168401907084078,3414,-0.06821178706337837,0.08740302518305916
V10,OVENS,4002,0.11219390304847576,0.009731795237004466,-0.013972645498367726,0.04017667069322339,-0.05619554050188325,0.025552200685714375,1859.0,0.08368271949106613,0.1295904921791659,0.8078890119234956,0.047250045943962586,0.24227669753680736,3414,-0.05778759281629098,0.016379194412916142
V18,OVENS,4002,0.12393803098450774,-0.09392656918139373,-0.04576556619506386,-0.0426088107628293,-0.08927790567286514,0.0006097258733128882,1859.0,-0.012234679582252113,0.1290478767704004,0.5017725882901982,0.024855666649561153,0.27292379073593986,3414,-0.05318839940206574,0.15133877940557378
V26,OVENS,4002,0.11619190404797601,-0.025556158607556622,-0.035868448891002026,0.012638065344682259,-0.07505773378799388,0.005753417507088376,1859.0,0.051029987891638644,0.07395471373338007,0.4675132056013931,0.026588370986283288,0.13599027211136966,3414,-0.056257670296927444,-0.006456762859670196
V11,OVENS,4002,0.10719640179910045,0.053841737542705825,-0.02583670202129204,-0.22526267475242756,-0.05855523354179826,0.0077199941497943,1859.0,0.1244986339903505,0.11011684961150797,0.17685514382027478,0.05666205380737194,0.18107582908598666,3414,-0.04304096251375444,0.29263269212312726
V19,OVENS,4002,0.111944027986007,0.011937292352289535,-0.04423364860901429,-0.026981520069881193,-0.07498574932784777,-0.012320217638758164,1859.0,0.08572351521603035,0.02978358964998018,0.25942789466170546,0.0023579979481107884,0.06132676259585491,3414,-0.05405658221834051,-0.015672657260696988
V27,OVENS,4002,0.11144427786106946,0.01634828658285967,-0.01738572820299455,0.014527609650477169,-0.05681444459442332,0.02375479596456072,1859.0,0.08980510666595878,0.0851342493023801,0.3754207349890295,0.03163616873912211,0.14087499345821655,3414,-0.05636264498058274,-0.009295295306656697
V35,MITTA_BELOW,4002,0.11719140429785108,0.022625781482584168,-0.12075643654591135,-0.11730842257157503,-0.16442887521834917,-0.07766917293233078,1254.0,0.04286680499178177,0.06951594058216862,0.3634234242382586,0.029051630670890834,0.11860517428000099,3414,-0.29423052580947295,-0.27190704032809276
V12,OVENS,4002,0.11869065467266367,-0.0476111297604073,-0.06755241129609589,-0.18804738565912138,-0.09939445071488684,-0.0330592160503879,1859.0,0.030622030641996464,0.05412539177280778,0.0656001398973396,0.012655023166142447,0.0994125829021135,3414,-0.0451084785744938,0.29263269212312726
V20,MITTA_BELOW,4002,0.11494252873563218,0.04138136350104204,-0.12127287916761662,-0.15285182653603469,-0.16210412394622928,-0.07891091364775575,1254.0,0.06123396651645974,0.09616565749108985,0.45257824209630027,0.03133072435606194,0.175408482295089,3414,-0.28238272448798735,-0.2716184400394925
V28,OVENS,4002,0.11744127936031984,-0.03658364418398196,-0.04123841974822983,0.06047722992146043,-0.07347838029815065,-0.004518535800039939,1859.0,0.04082600926681755,0.0755620674996093,0.37501401716663274,0.020032187054980822,0.14297357905159258,3414,-0.058915401662303975,-0.009256237870167218
V36,MITTA_BELOW,4002,0.1184407796101949,0.012206013694552017,-0.12631578947368496,-0.10555175818333273,-0.17230272651325307,-0.08233842181210602,1254.0,0.03266282636696068,0.1993555804734513,0.9146919998780212,0.06632103074365601,0.38860318957648476,3414,-0.2981494139388872,-0.2928229665071767
V13,OVENS,4002,0.10119940029985007,0.10677366830954746,0.15728237654653535,0.3293074706036727,0.09484226818272168,0.23222243247846514,1859.0,0.1734777313894917,0.32414399209414524,0.7255472810946075,0.16918980395982858,0.5326832453338228,3414,-0.07385041503353756,-0.018886759685584557
V21,MITTA_ABOVE,4002,0.11294352823588207,-0.025809334934778872,-0.002450699925964044,0.11633856896049743,-0.04835984378181816,0.047561214929565346,1681.0,0.07756033231617347,0.06471004359773995,0.16583603593779794,0.02467527928015924,0.11295072920204208,3414,-0.09302821408004212,0.0676762677167625
V29,OVENS,4002,0.10744627686156921,0.05163624042742076,-0.01398993806793425,-0.10547731791219284,-0.04716521998450651,0.021259602325358555,1859.0,0.12245783826538627,0.10449577797897582,0.19496765921913162,0.04945516728456001,0.17137981745910333,3414,-0.049695704560434345,0.15133877940557378
V37,MITTA_BELOW,4002,0.1191904047976012,0.005954153021732726,-0.13014354066985725,-0.12277663856610888,-0.17286625655046722,-0.08529961266803374,1254.0,0.026540439192068027,0.06284686061157421,0.3881449566581241,0.01140483187967537,0.12570771724530655,3414,-0.29240778714462895,-0.2716184400394925
V14,OVENS,4002,0.10394802598700649,0.08251320004141172,0.008703579017136745,-0.08285384367757387,-0.03021994574170313,0.049733704710243104,1859.0,0.15102897841488533,0.15174457285927664,0.36028003039081447,0.06394959245095602,0.2677559475357167,3414,-0.05095256424013543,0.18104970185128602
V22,MITTA_ABOVE,4002,0.09395302348825588,0.14667188067372378,0.09927970853232879,0.17023163925958507,0.048104898269960485,0.1592669944946659,1681.0,0.23266080741345405,0.335920540646864,0.7011544080947414,0.16690390248898684,0.5544650573441777,3414,-0.09751930327163277,0.0676762677167625
V30,MITTA_ABOVE,4002,0.10519740129935032,0.04454484511605773,-0.010163247076049887,-0.052639556586136615,-0.04888088371534669,0.02986189946439183,1681.0,0.14082499979006424,0.11648921502892522,0.4281804841242729,0.029715073163564757,0.23157248017110596,3414,-0.07894670361782241,0.06527910386589551
KI7,KI,4002,0.10294852573713144,-0.07869875417275779,-0.1482590812907565,-0.24267667978075402,-0.19048155163087302,-0.10243466839846922,1105.0,0.20817125871388342,0.40105846787021576,1.4263779699636219,0.179108623623955,0.7414469675935389,3414,-0.1081890457456068,0.2217943343735198
KI8,KI,4002,0.0864567716141929,0.09410250256365486,-0.009097729821711805,-0.066746868013838,-0.06094084497704404,0.040226776742613844,1105.0,0.344904572286486,0.827933743313612,1.8512459215697934,0.4440566609179236,1.257402923810983,3414,-0.13332187599802334,0.1207954840534025
KI1,KI,4002,0.1024487756121939,-0.07346235245347256,-0.14133649156273653,-0.18689732590185226,-0.18584792181172288,-0.09776613833627408,1105.0,0.21429364588877609,0.5494043179993732,1.7270734908623595,0.2501692209118075,0.9469049332487636,3414,-0.11615752487116415,0.20399779205209062
KI2,KI,4002,0.0967016491754123,-0.013243732681692391,-0.0734397025799739,-0.10093851849508162,-0.1237919566607349,-0.02077962560315503,1105.0,0.25306876466309625,0.3344093419529852,1.0563975735758127,0.18391926389452043,0.5250361515832521,3414,-0.12843735450070293,0.08944202102573137
KI3,KI,4002,0.10044977511244378,-0.05251674557633163,-0.12840920768522665,-0.1755396740012144,-0.1740531765871132,-0.08739546828234601,1105.0,0.23470160313841826,0.2578615357198129,1.1436832432040647,0.13132311954124262,0.4089510369662017,3414,-0.11778004657125528,0.20879319775247374
KI4,KI,4002,0.09720139930034982,-0.018480134400977625,-0.025742964928485445,0.23726863382972563,-0.08428699706527758,0.03390008784578917,1105.0,0.25715035611302467,0.3543469770009195,1.2784180668579603,0.16377379590959493,0.6627374124642791,3414,-0.17675266197567427,-0.09756867566822322
KI5,KI,4002,0.10419790104947527,-0.09178975847097087,-0.13045679308122812,-0.06506420678366587,-0.17709072727172276,-0.08521283040740052,1105.0,0.2061304629889192,0.5612468001925713,1.5654944136684925,0.23120130077584417,1.0027077828681479,3414,-0.1335622561737622,0.2217943343735198
KI6,KI,4002,0.10044977511244378,-0.05251674557633163,-0.12783534213398548,-0.18398267393742684,-0.17183946169466538,-0.08515825752929826,1105.0,0.22449762451359717,0.32673839427878004,1.1072713034492074,0.18292149641525599,0.5141143989571246,3414,-0.11657390372322494,0.20879319775247374
