population,region,n,n_loci,Ho,Ho_SE,He_unbiased,He_SE,He_hw,Fis_WC,Fis_jack_SE,Fis_boot_lo,Fis_boot_hi,n_polymorphic,prop_polymorphic,Ar_g16,Ar_g16_SE,mean_folded_MAF
KI,KI,8,4002,0.0988568215892054,0.0030664391967771586,0.09543769781775778,0.002730199562353785,0.08947284170414793,-0.03848317240086247,0.01300143625544962,-0.06266709530987012,-0.013056713356286612,1105,0.276111944027986,1.276111944027986,0.007067959082144674,0.23840497737556562
EUCUMBENE_ABOVE,SNOWY,4,4002,0.11400549725137431,0.0032922010793172696,0.11354144356393231,0.002970216863698736,0.09934876311844078,-0.004771517709671502,0.014238686560393232,-0.03172520819393276,0.022028358842758,1190,0.29735132433783107,,,0.24002100840336135
EUCUMBENE_BELOW,SNOWY,20,4002,0.1090454772613693,0.0027510420729791856,0.107847358372096,0.0025970813196346163,0.10515117441279362,-0.011405081665263878,0.006995051450153505,-0.02520640160528603,0.002527612796610256,1648,0.41179410294852575,1.343589443560952,0.006841536210369184,0.17936893203883494
MITTA_ABOVE,U_MURRAY,13,4002,0.10706185368854035,0.0026620051433955336,0.11010187214085265,0.002585639496568288,0.10586718475081985,0.0287283665373381,0.008346318303861193,0.012316212238519917,0.04405025375779361,1681,0.420039980009995,1.3686566172581212,0.007035131006625979,0.17384340822770328
MITTA_BELOW,U_MURRAY,4,4002,0.11744127936031984,0.0033017207689466305,0.11990433354751195,0.0030200911833274317,0.10491629185407296,0.02388369678089304,0.014481163093199955,-0.005137747335234107,0.0526138779899798,1254,0.31334332833583206,,,0.23983253588516745
OVENS,U_MURRAY,19,4002,0.11227281096293958,0.0026391940588437845,0.11329648120463238,0.0025575054770999362,0.11031499485714205,0.00928397354067538,0.006596219935541234,-0.0033310495506631522,0.022686002538256613,1859,0.4645177411294353,1.3786307493206884,0.006848275112703071,0.1634863112595906
SEVERN_ABOVE,BORDER,23,4002,0.10583838515524847,0.0026965953909985248,0.10512907797309075,0.002593982180408115,0.10284366323454529,-0.0069014117591787785,0.006249292198994024,-0.01905805590955795,0.004897077314273043,1572,0.39280359820089955,1.3270042929604553,0.006798387736950965,0.18384223918575068
SEVERN_BELOW,BORDER,17,4002,0.10216950348355235,0.002648757666695695,0.10296055180965667,0.002565970052578986,0.09993230028584324,0.007921216013701556,0.0073638220944589805,-0.006937016014995567,0.02367808963439607,1516,0.37881059470264866,1.3268162820481328,0.006871650841115517,0.18366832221015056
SNOWY,SNOWY,56,4002,0.11018151638466481,0.002484938304262569,0.11109483064130739,0.0024537744471958903,0.11010291251058144,0.008295149601124483,0.004176580306543875,5.093293615310451e-05,0.016184988020644404,2183,0.5454772613693153,1.3758359949536982,0.006505485889796756,0.13740511092206006
TENTERFIELD,BORDER,39,4002,0.1055369751021925,0.002498620878077368,0.10748139083971166,0.0024970575306535476,0.1061034242904846,0.018324393839590933,0.004893198008509725,0.009183988098804639,0.027382698386176754,1890,0.47226386806596704,1.3523220987135054,0.006639636400673556,0.15433455433455437
THREDBO,SNOWY,19,4002,0.11152318577553329,0.0026487919129636,0.11208336088001518,0.0025480779386203877,0.10913379875159374,0.005135959538024326,0.006669404159432217,-0.008325694617431377,0.017958522873155653,1839,0.45952023988005997,1.37488971335419,0.00683686487114474,0.1631321370309951
