sample,dart_order,id_in_report,report_column_index,population,region,sex
E1,DPla19-4171,E1,0,EUCUMBENE_BELOW,SNOWY,M
E73,DPla19-4171,E73,1,SNOWY,SNOWY,F
E81,DPla19-4171,E81,2,SNOWY,SNOWY,F
E89,DPla19-4171,E89,3,SNOWY,SNOWY,M
E9,DPla19-4171,E9,4,EUCUMBENE_BELOW,SNOWY,M
E17,DPla19-4171,E17,5,THREDBO,SNOWY,F
E25,DPla19-4171,E25,6,SNOWY,SNOWY,M
E33,DPla19-4171,E33,7,SNOWY,SNOWY,F
E41,DPla19-4171,E41,8,SNOWY,SNOWY,M
E49,DPla19-4171,E49,9,SNOWY,SNOWY,M
E57,DPla19-4171,E57,10,SNOWY,SNOWY,F
E65,DPla19-4171,E65,11,EUCUMBENE_ABOVE,SNOWY,F
E2,DPla19-4171,E2,12,EUCUMBENE_BELOW,SNOWY,F
E74,DPla19-4171,E74,13,EUCUMBENE_BELOW,SNOWY,M
E82,DPla19-4171,E82,14,SNOWY,SNOWY,M
E90,DPla19-4171,E90,15,THREDBO,SNOWY,F
E10,DPla19-4171,E10,16,EUCUMBENE_BELOW,SNOWY,F
E18,DPla19-4171,E18,17,EUCUMBENE_BELOW,SNOWY,M
E26,DPla19-4171,E26,18,SNOWY,SNOWY,F
E34,DPla19-4171,E34,19,SNOWY,SNOWY,M
E42,DPla19-4171,E42,20,SNOWY,SNOWY,M
E50,DPla19-4171,E50,21,SNOWY,SNOWY,M
E58,DPla19-4171,E58,22,SNOWY,SNOWY,M
E66,DPla19-4171,E66,23,THREDBO,SNOWY,F
E3,DPla19-4171,E3,24,EUCUMBENE_BELOW,SNOWY,F
E75,DPla19-4171,E75,25,THREDBO,SNOWY,M
E83,DPla19-4171,E83,26,SNOWY,SNOWY,F
E91,DPla19-4171,E91,27,THREDBO,SNOWY,M
E11,DPla19-4171,E11,28,EUCUMBENE_BELOW,SNOWY,F
E19,DPla19-4171,E19,29,EUCUMBENE_BELOW,SNOWY,M
E27,DPla19-4171,E27,30,SNOWY,SNOWY,F
E35,DPla19-4171,E35,31,THREDBO,SNOWY,M
E43,DPla19-4171,E43,32,SNOWY,SNOWY,F
E51,DPla19-4171,E51,33,SNOWY,SNOWY,F
E59,DPla19-4171,E59,34,SNOWY,SNOWY,F
E67,DPla19-4171,E67,35,SNOWY,SNOWY,M
E4,DPla19-4171,E4,36,EUCUMBENE_BELOW,SNOWY,F
E76,DPla19-4171,E76,37,THREDBO,SNOWY,F
E84,DPla19-4171,E84,38,SNOWY,SNOWY,M
E92,DPla19-4171,E92,39,THREDBO,SNOWY,M
E12,DPla19-4171,E12,40,EUCUMBENE_BELOW,SNOWY,F
E20,DPla19-4171,E20,41,EUCUMBENE_BELOW,SNOWY,M
E28,DPla19-4171,E28,42,EUCUMBENE_BELOW,SNOWY,F
E36,DPla19-4171,E36,43,SNOWY,SNOWY,F
E44,DPla19-4171,E44,44,SNOWY,SNOWY,F
E52,DPla19-4171,E52,45,SNOWY,SNOWY,F
E60,DPla19-4171,E60,46,THREDBO,SNOWY,F
E68,DPla19-4171,E68,47,EUCUMBENE_ABOVE,SNOWY,F
E5,DPla19-4171,E5,48,EUCUMBENE_BELOW,SNOWY,M
E77,DPla19-4171,E77,49,THREDBO,SNOWY,F
E85,DPla19-4171,E85,50,SNOWY,SNOWY,M
E93,DPla19-4171,E93,51,SNOWY,SNOWY,M
E13,DPla19-4171,E13,52,SNOWY,SNOWY,M
E21,DPla19-4171,E21,53,SNOWY,SNOWY,F
E29,DPla19-4171,E29,54,EUCUMBENE_BELOW,SNOWY,F
E37,DPla19-4171,E37,55,SNOWY,SNOWY,M
E45,DPla19-4171,E45,56,SNOWY,SNOWY,M
E53,DPla19-4171,E53,57,SNOWY,SNOWY,F
E61,DPla19-4171,E61,58,THREDBO,SNOWY,M
E69,DPla19-4171,E69,59,EUCUMBENE_ABOVE,SNOWY,F
E6,DPla19-4171,E6,60,EUCUMBENE_BELOW,SNOWY,M
E78,DPla19-4171,E78,61,THREDBO,SNOWY,M
E86,DPla19-4171,E86,62,SNOWY,SNOWY,F
E94,DPla19-4171,E94,63,SNOWY,SNOWY,M
E14,DPla19-4171,E14,64,SNOWY,SNOWY,M
E22,DPla19-4171,E22,65,SNOWY,SNOWY,F
E30,DPla19-4171,E30,66,THREDBO,SNOWY,M
E38,DPla19-4171,E38,67,SNOWY,SNOWY,M
E46,DPla19-4171,E46,68,SNOWY,SNOWY,F
E54,DPla19-4171,E54,69,SNOWY,SNOWY,M
E62,DPla19-4171,E62,70,THREDBO,SNOWY,M
E70,DPla19-4171,E70,71,EUCUMBENE_ABOVE,SNOWY,M
E7,DPla19-4171,E7,72,EUCUMBENE_BELOW,SNOWY,M
E79,DPla19-4171,E79,73,SNOWY,SNOWY,M
E87,DPla19-4171,E87,74,SNOWY,SNOWY,F
E15,DPla19-4171,E15,75,THREDBO,SNOWY,F
E23,DPla19-4171,E23,76,SNOWY,SNOWY,F
E31,DPla19-4171,E31,77,THREDBO,SNOWY,F
E39,DPla19-4171,E39,78,SNOWY,SNOWY,F
E47,DPla19-4171,E47,79,SNOWY,SNOWY,F
E55,DPla19-4171,E55,80,THREDBO,SNOWY,F
E63,DPla19-4171,E63,81,EUCUMBENE_BELOW,SNOWY,F
E71,DPla19-4171,E71,82,SNOWY,SNOWY,M
E8,DPla19-4171,E8,83,EUCUMBENE_BELOW,SNOWY,F
E80,DPla19-4171,E80,84,SNOWY,SNOWY,M
E88,DPla19-4171,E88,85,SNOWY,SNOWY,M
E16,DPla19-4171,E16,86,THREDBO,SNOWY,M
E24,DPla19-4171,E24,87,SNOWY,SNOWY,F
E40,DPla19-4171,E40,89,SNOWY,SNOWY,M
E48,DPla19-4171,E48,90,SNOWY,SNOWY,F
E56,DPla19-4171,E56,91,THREDBO,SNOWY,F
E64,DPla19-4171,E64,92,EUCUMBENE_BELOW,SNOWY,F
E72,DPla19-4171,E72,93,SNOWY,SNOWY,F
E95,DPla19-4171,E95,94,SNOWY,SNOWY,F
T27,DPla19-4171,T27,95,TENTERFIELD,BORDER,F
T35,DPla19-4171,T35,96,TENTERFIELD,BORDER,M
V1,DPla19-4171,V1,97,MITTA_ABOVE,U_MURRAY,F
SDS4,DPla19-4171,SDS4,98,SEVERN_BELOW,BORDER,F
SDS12,DPla19-4171,SDS12,99,SEVERN_BELOW,BORDER,M
SUS20,DPla19-4171,SUS20,100,SEVERN_ABOVE,BORDER,F
SUS28,DPla19-4171,SUS28,101,SEVERN_ABOVE,BORDER,F
SUS36,DPla19-4171,SUS36,102,SEVERN_ABOVE,BORDER,F
T11,DPla19-4171,T11,104,TENTERFIELD,BORDER,F
T19,DPla19-4171,T19,105,TENTERFIELD,BORDER,M
E96,DPla19-4171,E96,106,SNOWY,SNOWY,M
T28,DPla19-4171,T28,107,TENTERFIELD,BORDER,F
T36,DPla19-4171,T36,108,TENTERFIELD,BORDER,F
V2,DPla19-4171,V2,109,MITTA_ABOVE,U_MURRAY,F
SDS5,DPla19-4171,SDS5,110,SEVERN_BELOW,BORDER,F
SDS13,DPla19-4171,SDS13,111,SEVERN_BELOW,BORDER,M
SUS21,DPla19-4171,SUS21,112,SEVERN_ABOVE,BORDER,F
SUS29,DPla19-4171,SUS29,113,SEVERN_ABOVE,BORDER,M
SUS37,DPla19-4171,SUS37,114,SEVERN_ABOVE,BORDER,M
T4,DPla19-4171,T4,115,TENTERFIELD,BORDER,M
T12,DPla19-4171,T12,116,TENTERFIELD,BORDER,F
T20,DPla19-4171,T20,117,TENTERFIELD,BORDER,M
E97,DPla19-4171,E97,118,SNOWY,SNOWY,M
T29,DPla19-4171,T29,119,TENTERFIELD,BORDER,F
V3,DPla19-4171,V3,120,MITTA_ABOVE,U_MURRAY,M
SDS6,DPla19-4171,SDS6,121,SEVERN_BELOW,BORDER,M
SDS14,DPla19-4171,SDS14,122,SEVERN_BELOW,BORDER,M
SUS22,DPla19-4171,SUS22,123,SEVERN_ABOVE,BORDER,M
SUS30,DPla19-4171,SUS30,124,SEVERN_ABOVE,BORDER,M
SUS38,DPla19-4171,SUS38,125,SEVERN_ABOVE,BORDER,M
T5,DPla19-4171,T5,126,TENTERFIELD,BORDER,F
T13,DPla19-4171,T13,127,TENTERFIELD,BORDER,F
T21,DPla19-4171,T21,128,TENTERFIELD,BORDER,F
E98,DPla19-4171,E98,129,SNOWY,SNOWY,M
T30,DPla19-4171,T30,130,TENTERFIELD,BORDER,F
T38,DPla19-4171,T38,131,TENTERFIELD,BORDER,F
V4,DPla19-4171,V4,132,MITTA_ABOVE,U_MURRAY,M
SDS7,DPla19-4171,SDS7,133,SEVERN_BELOW,BORDER,M
SDS15,DPla19-4171,SDS15,134,SEVERN_BELOW,BORDER,M
SUS23,DPla19-4171,SUS23,135,SEVERN_ABOVE,BORDER,M
SUS31,DPla19-4171,SUS31,136,SEVERN_ABOVE,BORDER,M
SUS39,DPla19-4171,SUS39,137,SEVERN_ABOVE,BORDER,F
T6,DPla19-4171,T6,138,TENTERFIELD,BORDER,F
T14,DPla19-4171,T14,139,TENTERFIELD,BORDER,M
T22,DPla19-4171,T22,140,TENTERFIELD,BORDER,M
E99,DPla19-4171,E99,141,SNOWY,SNOWY,F
T31,DPla19-4171,T31,142,TENTERFIELD,BORDER,F
T39,DPla19-4171,T39,143,TENTERFIELD,BORDER,F
V5,DPla19-4171,V5,144,MITTA_ABOVE,U_MURRAY,M
SDS8,DPla19-4171,SDS8,145,SEVERN_BELOW,BORDER,M
SDS16,DPla19-4171,SDS16,146,SEVERN_BELOW,BORDER,M
SUS24,DPla19-4171,SUS24,147,SEVERN_ABOVE,BORDER,M
SUS32,DPla19-4171,SUS32,148,SEVERN_ABOVE,BORDER,M
SUS40,DPla19-4171,SUS40,149,SEVERN_ABOVE,BORDER,M
T7,DPla19-4171,T7,150,TENTERFIELD,BORDER,F
T15,DPla19-4171,T15,151,TENTERFIELD,BORDER,F
T23,DPla19-4171,T23,152,TENTERFIELD,BORDER,M
E100,DPla19-4171,E100,153,SNOWY,SNOWY,M
T32,DPla19-4171,T32,154,TENTERFIELD,BORDER,F
T40,DPla19-4171,T40,155,TENTERFIELD,BORDER,M
V6,DPla19-4171,V6,156,OVENS,U_MURRAY,F
SDS9,DPla19-4171,SDS9,157,SEVERN_BELOW,BORDER,F
SDS17,DPla19-4171,SDS17,158,SEVERN_BELOW,BORDER,F
SUS25,DPla19-4171,SUS25,159,SEVERN_ABOVE,BORDER,F
SUS33,DPla19-4171,SUS33,160,SEVERN_ABOVE,BORDER,F
SUS41,DPla19-4171,SUS41,161,SEVERN_ABOVE,BORDER,M
T8,DPla19-4171,T8,162,TENTERFIELD,BORDER,F
T16,DPla19-4171,T16,163,TENTERFIELD,BORDER,F
T24,DPla19-4171,T24,164,TENTERFIELD,BORDER,M
SDS2,DPla19-4171,SDS2,165,SEVERN_BELOW,BORDER,M
T33,DPla19-4171,T33,166,TENTERFIELD,BORDER,M
T41,DPla19-4171,T41,167,TENTERFIELD,BORDER,F
SDS10,DPla19-4171,SDS10,168,SEVERN_BELOW,BORDER,M
SDS18,DPla19-4171,SDS18,169,SEVERN_BELOW,BORDER,F
SUS26,DPla19-4171,SUS26,170,SEVERN_ABOVE,BORDER,M
SUS34,DPla19-4171,SUS34,171,SEVERN_ABOVE,BORDER,M
T1,DPla19-4171,T1,172,TENTERFIELD,BORDER,F
T9,DPla19-4171,T9,173,TENTERFIELD,BORDER,M
T17,DPla19-4171,T17,174,TENTERFIELD,BORDER,M
T25,DPla19-4171,T25,175,TENTERFIELD,BORDER,M
SDS3,DPla19-4171,SDS3,176,SEVERN_BELOW,BORDER,F
T34,DPla19-4171,T34,177,TENTERFIELD,BORDER,F
SDS11,DPla19-4171,SDS11,179,SEVERN_BELOW,BORDER,F
SUS19,DPla19-4171,SUS19,180,SEVERN_ABOVE,BORDER,M
SUS27,DPla19-4171,SUS27,181,SEVERN_ABOVE,BORDER,F
SUS35,DPla19-4171,SUS35,182,SEVERN_ABOVE,BORDER,F
T2,DPla19-4171,T2,183,TENTERFIELD,BORDER,M
T10,DPla19-4171,T10,184,TENTERFIELD,BORDER,F
T18,DPla19-4171,T18,185,TENTERFIELD,BORDER,F
T26,DPla19-4171,T26,186,TENTERFIELD,BORDER,M
V7,DPla19-4171,V7,187,OVENS,U_MURRAY,F
V15a,DPla19-4171,V15_1,188,OVENS,U_MURRAY,F
V23,DPla19-4171,V23,189,MITTA_ABOVE,U_MURRAY,M
V31,DPla19-4171,V31,190,MITTA_ABOVE,U_MURRAY,F
V8,DPla19-4171,V8,191,OVENS,U_MURRAY,F
V15b,DPla19-4171,V15_2,192,OVENS,U_MURRAY,M
V24,DPla19-4171,V24,193,MITTA_ABOVE,U_MURRAY,M
V32,DPla19-4171,V32,194,OVENS,U_MURRAY,M
V9,DPla19-4171,V9,195,OVENS,U_MURRAY,M
V17,DPla19-4171,V17,196,OVENS,U_MURRAY,F
V25,DPla19-4171,V25,197,MITTA_ABOVE,U_MURRAY,F
V33,DPla19-4171,V33,198,MITTA_ABOVE,U_MURRAY,F
V10,DPla19-4171,V10,199,OVENS,U_MURRAY,F
V18,DPla19-4171,V18,200,OVENS,U_MURRAY,M
V26,DPla19-4171,V26,201,OVENS,U_MURRAY,M
V11,DPla19-4171,V11,203,OVENS,U_MURRAY,F
V19,DPla19-4171,V19,204,OVENS,U_MURRAY,F
V27,DPla19-4171,V27,205,OVENS,U_MURRAY,F
V35,DPla19-4171,V35,206,MITTA_BELOW,U_MURRAY,M
V12,DPla19-4171,V12,207,OVENS,U_MURRAY,F
V20,DPla19-4171,V20,208,MITTA_BELOW,U_MURRAY,M
V28,DPla19-4171,V28,209,OVENS,U_MURRAY,F
V36,DPla19-4171,V36,210,MITTA_BELOW,U_MURRAY,M
V13,DPla19-4171,V13,211,OVENS,U_MURRAY,M
V21,DPla19-4171,V21,212,MITTA_ABOVE,U_MURRAY,M
V29,DPla19-4171,V29,213,OVENS,U_MURRAY,M
V37,DPla19-4171,V37,214,MITTA_BELOW,U_MURRAY,M
V14,DPla19-4171,V14,215,OVENS,U_MURRAY,F
V22,DPla19-4171,V22,216,MITTA_ABOVE,U_MURRAY,M
V30,DPla19-4171,V30,217,MITTA_ABOVE,U_MURRAY,M
KI7,DPla24-9425,KI7,314,KI,KI,unknown
KI8,DPla24-9425,KI8,322,KI,KI,unknown
KI1,DPla24-9425,KI1,329,KI,KI,unknown
KI2,DPla24-9425,KI2,337,KI,KI,unknown
KI3,DPla24-9425,KI3,345,KI,KI,unknown
KI4,DPla24-9425,KI4,353,KI,KI,unknown
KI5,DPla24-9425,KI5,361,KI,KI,unknown
KI6,DPla24-9425,KI6,369,KI,KI,unknown
