pop_i,pop_j,n_i,n_j,n_loci,Fst_WC,Fst_lo95,Fst_hi95,Gst_Nei,GstPP_Hedrick,Hs,Ht
KI,EUCUMBENE_ABOVE,8,4,4002,0.18840249065246584,0.17259048343613295,0.2056221371803068,0.10004785734350116,0.20299164368761569,0.10391739226540576,0.11546990927613116
KI,EUCUMBENE_BELOW,8,20,4002,0.18196204884556114,0.1683539246367299,0.19566353403276376,0.10299847348878953,0.20789536855589977,0.10165933728341309,0.1133324016502023
KI,MITTA_ABOVE,8,13,4002,0.15578707513667495,0.1435091407764883,0.1685059157670878,0.08634021186630432,0.1771803913701641,0.10285716420378868,0.11257709438421472
KI,MITTA_BELOW,8,4,4002,0.15203686423716492,0.13722448521396602,0.16742532904225663,0.07747008794544842,0.16105642522133934,0.10714534559643256,0.11614295015953562
KI,OVENS,8,19,4002,0.14678908600116888,0.13586311227319472,0.16012586338526705,0.0825692855253107,0.17034149267729684,0.10448601493714475,0.11388981564343231
KI,SEVERN_ABOVE,8,23,4002,0.260196101537811,0.2440117315727156,0.27576007953086007,0.1530002896668729,0.29498050854606495,0.10029628800133542,0.11841360366214132
KI,SEVERN_BELOW,8,17,4002,0.2636936442414475,0.2485056918582627,0.2796692612489681,0.15402835933751083,0.2963373426417255,0.09920115295115005,0.11726297689301333
KI,SNOWY,8,56,4002,0.16179162709019018,0.14885238221567418,0.17598350463549656,0.09353285605685216,0.19080286224963594,0.10344389961612599,0.11411764927975572
KI,TENTERFIELD,8,39,4002,0.2403635713370293,0.22557939528516696,0.25576347321267373,0.14193985499022915,0.27670509960586065,0.10159127882010643,0.11839645438718005
KI,THREDBO,8,19,4002,0.15985284607236258,0.14731975057565827,0.1745186403879049,0.09021320858403331,0.1846762047419265,0.10385611660491244,0.11415434647415983
EUCUMBENE_ABOVE,EUCUMBENE_BELOW,4,20,4002,0.052575696044124154,0.04446361754435452,0.06177073600659569,0.02594933273491596,0.056867176942422694,0.11045359673104624,0.11339615118911132
EUCUMBENE_ABOVE,MITTA_ABOVE,4,13,4002,0.06991192288115733,0.060034064307244596,0.0795280382631214,0.03599338805760276,0.07823725362648017,0.11185854077824042,0.11603503481459976
EUCUMBENE_ABOVE,MITTA_BELOW,4,4,4002,0.05215390784946919,0.04094758675739942,0.06309481275461104,0.026775168766998692,0.059057055931029244,0.1168894719307013,0.12010531192736965
EUCUMBENE_ABOVE,OVENS,4,19,4002,0.07232762406231756,0.06314904076742284,0.08227948468243379,0.03763430644747982,0.08182007685665015,0.11343678553420147,0.11787284843400413
EUCUMBENE_ABOVE,SEVERN_ABOVE,4,23,4002,0.19123918080225008,0.1754443363232,0.20763303942629288,0.1025560467341992,0.20879863575739083,0.10903029947917207,0.12148981458107834
EUCUMBENE_ABOVE,SEVERN_BELOW,4,17,4002,0.19696828350307088,0.18127532275825547,0.21240363811741209,0.10566463488329761,0.21426698774519035,0.10796690050115608,0.12072305838768593
EUCUMBENE_ABOVE,SNOWY,4,56,4002,0.03908009475670369,0.032393475686002066,0.04778614684858655,0.01965735713178777,0.043432208448614985,0.11225353127927935,0.1145043848657409
EUCUMBENE_ABOVE,TENTERFIELD,4,39,4002,0.17772257426966773,0.16365701153992251,0.19354887786961095,0.09533425357488282,0.19567014390374224,0.11037345597766361,0.12200468119171755
EUCUMBENE_ABOVE,THREDBO,4,19,4002,0.037026040958505396,0.028665657595775804,0.045255283078541354,0.01876575722278206,0.04152289613021949,0.11277430057920855,0.11493106911966293
EUCUMBENE_BELOW,MITTA_ABOVE,20,13,4002,0.08712478482638826,0.07897791289027752,0.09518213553452236,0.04534942589990022,0.09737814270637572,0.1089977164316278,0.1141755102744
EUCUMBENE_BELOW,MITTA_BELOW,20,4,4002,0.07456989231850253,0.06528003758850907,0.08414493935026601,0.035888574017551814,0.07816856808140417,0.11357703501190582,0.11780488432254459
EUCUMBENE_BELOW,OVENS,20,19,4002,0.08784489571193006,0.08075667551854296,0.09547117614958893,0.0459017092057188,0.09868589162682745,0.11056767130705761,0.11588708665960472
EUCUMBENE_BELOW,SEVERN_ABOVE,20,23,4002,0.1980077958948193,0.18428518053248003,0.21172222054520615,0.10978942421902954,0.2214303486283477,0.10646251288118273,0.11959250516405573
EUCUMBENE_BELOW,SEVERN_BELOW,20,17,4002,0.20153443971172372,0.18786464273067396,0.21451616544125876,0.11225539188657496,0.22563456847335658,0.10540379910675894,0.11873211973740509
EUCUMBENE_BELOW,SNOWY,20,56,4002,0.0373970547857509,0.03379821946686025,0.04149417542570688,0.019282056958651414,0.042486046928678994,0.10948210003461432,0.111634645630215
EUCUMBENE_BELOW,TENTERFIELD,20,39,4002,0.18427636220841134,0.1698100980214427,0.19723222930128245,0.10147912263238495,0.20649293779108788,0.10767055017734474,0.11983088305392052
EUCUMBENE_BELOW,THREDBO,20,19,4002,0.026743285254178666,0.023188005603761407,0.030425248721356844,0.013537328337642,0.030013135843893975,0.10995526399148041,0.11146419134764321
MITTA_ABOVE,MITTA_BELOW,13,4,4002,0.020720825789165627,0.013005540334101123,0.02861886289449258,0.009388601028875095,0.02102026814953936,0.11501841917237668,0.11610851570236103
MITTA_ABOVE,OVENS,13,19,4002,0.04517908061328118,0.039933294545372,0.05097708432572374,0.02318291677610214,0.05101809077350048,0.11177991568388475,0.11443280180457643
MITTA_ABOVE,SEVERN_ABOVE,13,23,4002,0.17237947121257155,0.1597169214980905,0.18528642532491513,0.09361447896197345,0.19185103096356365,0.10763067864418163,0.11874712927995469
MITTA_ABOVE,SEVERN_BELOW,13,17,4002,0.1731945251801042,0.1612227474308445,0.1858433450526637,0.09433530026207337,0.19297449454386045,0.10658361896677632,0.11768551760670208
MITTA_ABOVE,SNOWY,13,56,4002,0.06896120174918423,0.06254767809796498,0.0756425004930267,0.03575643275662046,0.07763478923897399,0.11065521461610481,0.11475857177087594
MITTA_ABOVE,TENTERFIELD,13,39,4002,0.16180197547213818,0.14936180792912906,0.17474288300909138,0.08743032435119316,0.18044114980704495,0.10884128275432621,0.11926901107791431
MITTA_ABOVE,THREDBO,13,19,4002,0.0687962167436581,0.062045495460663846,0.07585779035443867,0.035668576524207,0.07749471097552241,0.11116139092940167,0.11527301529668765
MITTA_BELOW,OVENS,4,19,4002,0.030023390548427224,0.022583424310342073,0.03834586388881195,0.01413195678881501,0.03154732973469026,0.11656373465653955,0.11823462121448455
MITTA_BELOW,SEVERN_ABOVE,4,23,4002,0.17170269271447955,0.15640214286238782,0.18644174626340523,0.08844017428735595,0.1830345257751767,0.1121450836475974,0.12302547839898936
MITTA_BELOW,SEVERN_BELOW,4,17,4002,0.1722462485929281,0.1583230541839013,0.186626059236653,0.08868446905421092,0.18328363290064326,0.11110215352681715,0.12191403499017754
MITTA_BELOW,SNOWY,4,56,4002,0.05583642608146042,0.047379083802066686,0.06470951915619412,0.0266548155204982,0.058695168955252605,0.11533494804512323,0.11849336687970446
MITTA_BELOW,TENTERFIELD,4,39,4002,0.1563671413749104,0.1427681841191537,0.17039775520981199,0.080175803720448,0.16744914742327432,0.1134649051415575,0.12335499066070814
MITTA_BELOW,THREDBO,4,19,4002,0.05118955232736156,0.042620601327134584,0.060460692400020055,0.02473199574309346,0.05459816987421407,0.11590124970154661,0.11884041022124595
OVENS,SEVERN_ABOVE,19,23,4002,0.16897097744665351,0.15690508739476036,0.18194633429322377,0.09193889049712574,0.18904016619309474,0.1092069303207048,0.12026385578883679
OVENS,SEVERN_BELOW,19,17,4002,0.1696933473046874,0.15792578326985082,0.18133013742600917,0.09296747896018638,0.19075182227420448,0.10816376311666527,0.11925014881789171
OVENS,SNOWY,19,56,4002,0.07051308993213985,0.06502912517803157,0.07661227112853045,0.03633189650948736,0.0789779277618102,0.11220342659595238,0.11643368312133517
OVENS,TENTERFIELD,19,39,4002,0.15921206372174454,0.14729183333980123,0.1710614703514788,0.08571204466579159,0.17748506180988866,0.11039874065340374,0.1207483266177871
OVENS,THREDBO,19,19,4002,0.06644658159470904,0.06067058656482508,0.07290478952209176,0.034365009501268855,0.07488726943329374,0.11271191889435399,0.11672310966708087
SEVERN_ABOVE,SEVERN_BELOW,23,17,4002,0.045539312494435796,0.04046074647556695,0.051093590027170614,0.023340237881341475,0.0509133407109526,0.10405030033704032,0.10653689685272281
SEVERN_ABOVE,SNOWY,23,56,4002,0.1790835918093004,0.16590630118088545,0.19127342896036204,0.09946039105657727,0.20286195695819237,0.10813327853596716,0.12007609377985809
SEVERN_ABOVE,TENTERFIELD,23,39,4002,0.06271850736901614,0.057868631469658136,0.0680387330831404,0.0325150925635347,0.07047537232234906,0.1063217202228415,0.10989496518820233
SEVERN_ABOVE,THREDBO,23,19,4002,0.18018873602441202,0.16693722715928697,0.19376328612864074,0.09870633531284108,0.20156670948215138,0.10859597883794414,0.12048900718240159
SEVERN_BELOW,SNOWY,17,56,4002,0.17905915957757146,0.1667085209497895,0.19070772895980037,0.10027188099059632,0.20412701313677967,0.10708799370267687,0.11902261521022621
SEVERN_BELOW,TENTERFIELD,17,39,4002,0.05967501778141854,0.05435558996906034,0.06574692041929947,0.03110973623700243,0.06744189730535319,0.10527070448338971,0.10865080228439597
SEVERN_BELOW,THREDBO,17,19,4002,0.18318542067224605,0.1705036719990999,0.19641280639892428,0.10106693444714904,0.20570325666007286,0.10754937014059075,0.11964113265145836
SNOWY,TENTERFIELD,56,39,4002,0.16858047948277685,0.15569046749837742,0.18052409476861422,0.09230430184629412,0.18974945673596663,0.10930758843920321,0.12042316457105591
SNOWY,THREDBO,56,19,4002,0.02136888109529512,0.018538068153254438,0.024206604775655928,0.010764113717906237,0.02397446803818641,0.11159809918044358,0.11281242495141336
TENTERFIELD,THREDBO,39,19,4002,0.16917512110924782,0.1562935417907977,0.18127381399110218,0.09175934321167496,0.18882597921201882,0.1097917204645035,0.12088395255586054
