population,KI,EUCUMBENE_ABOVE,EUCUMBENE_BELOW,MITTA_ABOVE,MITTA_BELOW,OVENS,SEVERN_ABOVE,SEVERN_BELOW,SNOWY,TENTERFIELD,THREDBO
KI,0.0,0.1884024906524658,0.1819620488455611,0.1557870751366749,0.1520368642371649,0.1467890860011688,0.260196101537811,0.2636936442414475,0.1617916270901901,0.2403635713370293,0.1598528460723625
EUCUMBENE_ABOVE,0.1884024906524658,0.0,0.0525756960441241,0.0699119228811573,0.0521539078494691,0.0723276240623175,0.19123918080225,0.1969682835030708,0.0390800947567036,0.1777225742696677,0.0370260409585053
EUCUMBENE_BELOW,0.1819620488455611,0.0525756960441241,0.0,0.0871247848263882,0.0745698923185025,0.08784489571193,0.1980077958948193,0.2015344397117237,0.0373970547857509,0.1842763622084113,0.0267432852541786
MITTA_ABOVE,0.1557870751366749,0.0699119228811573,0.0871247848263882,0.0,0.0207208257891656,0.0451790806132811,0.1723794712125715,0.1731945251801042,0.0689612017491842,0.1618019754721381,0.0687962167436581
MITTA_BELOW,0.1520368642371649,0.0521539078494691,0.0745698923185025,0.0207208257891656,0.0,0.0300233905484272,0.1717026927144795,0.1722462485929281,0.0558364260814604,0.1563671413749104,0.0511895523273615
OVENS,0.1467890860011688,0.0723276240623175,0.08784489571193,0.0451790806132811,0.0300233905484272,0.0,0.1689709774466535,0.1696933473046874,0.0705130899321398,0.1592120637217445,0.066446581594709
SEVERN_ABOVE,0.260196101537811,0.19123918080225,0.1980077958948193,0.1723794712125715,0.1717026927144795,0.1689709774466535,0.0,0.0455393124944357,0.1790835918093004,0.0627185073690161,0.180188736024412
SEVERN_BELOW,0.2636936442414475,0.1969682835030708,0.2015344397117237,0.1731945251801042,0.1722462485929281,0.1696933473046874,0.0455393124944357,0.0,0.1790591595775714,0.0596750177814185,0.183185420672246
SNOWY,0.1617916270901901,0.0390800947567036,0.0373970547857509,0.0689612017491842,0.0558364260814604,0.0705130899321398,0.1790835918093004,0.1790591595775714,0.0,0.1685804794827768,0.0213688810952951
TENTERFIELD,0.2403635713370293,0.1777225742696677,0.1842763622084113,0.1618019754721381,0.1563671413749104,0.1592120637217445,0.0627185073690161,0.0596750177814185,0.1685804794827768,0.0,0.1691751211092478
THREDBO,0.1598528460723625,0.0370260409585053,0.0267432852541786,0.0687962167436581,0.0511895523273615,0.066446581594709,0.180188736024412,0.183185420672246,0.0213688810952951,0.1691751211092478,0.0
