sample,population,region,PC1,PC2,PC3,PC4,PC5,PC6
E1,EUCUMBENE_BELOW,SNOWY,13.645024027349363,-5.968313455017284,5.501340970585773,-0.31001374148327054,0.993731263209117,-15.408009152845368
E73,SNOWY,SNOWY,15.209150334096606,-6.337033518633251,4.744036393759961,0.534771159181577,-1.6481854955820847,2.6643683157641647
E81,SNOWY,SNOWY,13.75474018024402,-6.207558528734259,4.238848250546856,-0.4665779500892109,-1.7569326212972047,3.6091279237248104
E89,SNOWY,SNOWY,13.413036437098963,-6.113785408594175,5.162153244288818,-0.705725083112269,-0.9414878656007329,6.490676946505838
E9,EUCUMBENE_BELOW,SNOWY,13.035660731233477,-4.759196851034872,2.8058298611367616,0.1639220120308086,-0.5348207097057807,-6.580085784276084
E17,THREDBO,SNOWY,13.72603998541485,-4.506634653418576,3.6066723472731215,-0.2712647635609343,-0.3353315903462144,-6.003809536176179
E25,SNOWY,SNOWY,14.022645938977556,-7.178833816683805,4.786493204907258,-0.16880486078615106,-1.418555485293773,4.7952036552621715
E33,SNOWY,SNOWY,14.348389644291442,-6.46978622781496,4.386056754904538,-0.031154309624643238,-2.13261080779661,8.19280496991514
E41,SNOWY,SNOWY,13.507210535320665,-7.048349561524613,5.908773253660609,-0.5909297478203338,-1.43044992612008,8.432917064948874
E49,SNOWY,SNOWY,14.643389841104534,-6.292177157101423,6.333209474595808,-2.575493881900248,-3.5848504155601817,6.254354480563382
E57,SNOWY,SNOWY,13.351490366239794,-5.9682628815732315,4.960612379017302,-0.21057183492136344,0.6030381834452759,7.350250362508587
E65,EUCUMBENE_ABOVE,SNOWY,13.12354572509713,-2.959729904049663,0.2132396688488636,-0.08494183442139663,0.8646627553347573,-6.79666309484522
E2,EUCUMBENE_BELOW,SNOWY,13.992909873791193,-7.243445503685956,3.728688596628401,-1.4822937161991379,1.3401079975694086,-14.290041826956589
E74,EUCUMBENE_BELOW,SNOWY,13.69308398164554,-5.924433235362628,4.0121021449852305,0.39504351759783135,1.8484838622793887,-12.756647183774344
E82,SNOWY,SNOWY,14.281511152346482,-5.688934510165178,4.2767972318032275,-1.5508289268342372,-2.0622884744523002,8.397255609901892
E90,THREDBO,SNOWY,14.633092406051299,-5.281384647731276,3.431075863114619,-0.9578687818983797,-1.4179724462590915,-6.604242986727197
E10,EUCUMBENE_BELOW,SNOWY,12.152460177914273,-5.373955675820263,4.015612590486743,0.5423751599869105,1.280298285534952,-10.875028627373654
E18,EUCUMBENE_BELOW,SNOWY,13.265156386244826,-6.280719688007722,5.235785441147593,-0.649856798968098,0.4352814873112605,-11.12234865339839
E26,SNOWY,SNOWY,13.585931205762837,-7.7495426155969565,7.553566672904225,-0.410296506569309,-0.9265645728489261,9.852434196984774
E34,SNOWY,SNOWY,14.06305700838877,-6.352119306314098,3.3229682196631942,-0.12695962840942154,0.40183885062980623,9.63657392495599
E42,SNOWY,SNOWY,13.079057808986882,-5.932405598750451,5.233721921138545,-2.086197982475388,0.27674940601370673,6.988531065154592
E50,SNOWY,SNOWY,12.630875400460827,-6.744017765963604,4.992780420597264,-0.7118217261870344,-1.6148087769097486,4.980634814640525
E58,SNOWY,SNOWY,13.961650101721169,-3.3220314265612276,3.447388536627261,-1.482511715700659,0.42422075754436134,5.931486952450397
E66,THREDBO,SNOWY,12.806681093274854,-4.030587804163647,3.8019048001723674,-1.0593251696100139,-1.27710216301966,-4.489994862547454
E3,EUCUMBENE_BELOW,SNOWY,14.005222205037136,-7.913605728522939,6.852104605517914,0.1185968452287132,0.9921280190802076,-14.196008278241687
E75,THREDBO,SNOWY,13.344671113874082,-6.04248110605672,4.95139022682569,-1.0089271240612065,1.0778067718890871,-5.728420841498732
E83,SNOWY,SNOWY,12.95431727246621,-6.103400348960813,2.6745864795513983,0.33038052417093294,-1.257919004747782,6.34319598689477
E91,THREDBO,SNOWY,13.473795541957172,-3.0869313030420766,3.0801909646729233,-0.2555129079323183,0.31020074194649183,-6.657703131798385
E11,EUCUMBENE_BELOW,SNOWY,14.495676468451117,-5.670079638588774,4.79126874083914,0.7090494371444904,1.0947316806576501,-9.8260267008964
E19,EUCUMBENE_BELOW,SNOWY,13.160927404989364,-6.158511648966438,5.676208072149285,-0.3076613866856795,1.2777068828089406,-13.482905832653833
E27,SNOWY,SNOWY,13.495628254467809,-8.500308539724452,6.058990177893784,-1.1984667372281026,-1.6020892490538665,12.427280163084466
E35,THREDBO,SNOWY,12.631001781256154,-4.548502475396195,2.751315486923692,-0.4406435785775044,-0.2206358633666575,-1.8897210196173502
E43,SNOWY,SNOWY,12.232713320464748,-5.464759008480323,3.583593310337421,-0.7314971036681397,-0.7046658598497547,7.348737091551875
E51,SNOWY,SNOWY,14.636238907761975,-7.8385925553641815,4.289079586032301,-0.392142294226452,0.7953688999680787,6.412945916827949
E59,SNOWY,SNOWY,14.770685193435062,-6.632009387990878,4.452501754083229,-0.918582512673402,-1.8455151303014041,7.025677098809818
E67,SNOWY,SNOWY,13.497720136643284,-6.438229881701871,3.561749368412092,-1.5408192685068616,-2.744668879146805,7.120013010825109
E4,EUCUMBENE_BELOW,SNOWY,15.112541147773356,-8.0734505197493,5.438175946596546,0.28566506062358465,0.7097604870025371,-19.65312251231707
E76,THREDBO,SNOWY,11.846922558449583,-5.764966054028439,3.870224649140868,-1.0921372702879,0.01954189895727497,-6.898414622266252
E84,SNOWY,SNOWY,14.482168012774828,-5.7108645181761855,6.0361326389587076,-0.8563549735425443,-0.57682745464037,8.017563704359034
E92,THREDBO,SNOWY,12.58109308350438,-3.6234762578917517,3.4987071676961365,0.12344760034231282,1.8372134513873375,-2.926041990986838
E12,EUCUMBENE_BELOW,SNOWY,14.437909408350885,-6.017770513248774,4.440378502352869,-0.1873136320825868,0.41489771137293907,-11.636381034110995
E20,EUCUMBENE_BELOW,SNOWY,14.232528719276669,-4.6035151063701045,5.735709670003418,-0.8397619736558497,-0.0668772002952358,-14.817517433594606
E28,EUCUMBENE_BELOW,SNOWY,13.604974801983111,-6.800939994313874,7.093484370400569,0.9263683406797975,0.09461033464334212,-15.184455638455576
E36,SNOWY,SNOWY,13.201117033240852,-6.777133552741908,4.698659925964706,-2.5453974171013707,-0.8081526504612564,9.913389139124556
E44,SNOWY,SNOWY,13.595109654615856,-8.565324616148652,7.273410222559856,-0.9581482089473998,-1.8524910110366104,15.699815505122903
E52,SNOWY,SNOWY,13.867959486445866,-6.959471651606808,3.6739684817578477,-0.4892166167654163,-0.11894892512984316,8.494421351921757
E60,THREDBO,SNOWY,13.388585343154078,-3.7778897112364755,4.153871129865455,-0.731350524393817,-0.38126538146208094,-5.15679804939259
E68,EUCUMBENE_ABOVE,SNOWY,12.579081313229015,-4.387842258705749,1.2150049263594673,0.5082510396210799,-0.3598229817009215,-3.0429515200649027
E5,EUCUMBENE_BELOW,SNOWY,14.681123509224669,-7.536453068071496,7.194710812796974,1.040830690575026,1.8760122034296838,-10.862478140435897
E77,THREDBO,SNOWY,13.337232258447882,-4.789067277589737,0.6013221939999599,0.06141534298134919,-0.6941889497497356,-3.314707829924633
E85,SNOWY,SNOWY,12.610259886826395,-5.3679014873441755,2.9767990770233475,-0.4370204317491526,-1.092714079394592,4.22066950300909
E93,SNOWY,SNOWY,12.579559816714925,-6.4188165724113455,4.771961882332564,-1.027807119322622,-0.16431738010832925,13.057363254854712
E13,SNOWY,SNOWY,12.335288815921547,-5.30627639653956,4.823601318854981,-0.09450322681195816,-0.6261466851209474,6.302301568977609
E21,SNOWY,SNOWY,14.858874771036271,-6.478395538992446,4.62719559578595,-1.496371825268326,1.528714795334387,8.309149008485992
E29,EUCUMBENE_BELOW,SNOWY,14.305357248099737,-6.4454212748238175,5.7851950006809405,0.22556313768186326,1.0270538381475567,-17.68169104688127
E37,SNOWY,SNOWY,14.017469200012314,-7.088566087489432,6.953098618777916,-0.8017333497859,-0.8283561158186136,9.502314595153607
E45,SNOWY,SNOWY,13.0266698297885,-6.860307464609416,3.8600557328981178,-1.2149614163944724,-2.1600368134391914,9.274549126325875
E53,SNOWY,SNOWY,14.250672101860774,-6.489342194411658,0.984921134262167,-0.6254725244928026,-2.6424406801060774,5.9952899523192205
E61,THREDBO,SNOWY,13.59853511468221,-2.590647744898103,1.4462277181479477,-0.328305045900039,1.1711441617433682,-7.353565667024146
E69,EUCUMBENE_ABOVE,SNOWY,11.951479041722802,-3.5288892412620783,-1.6544068731236168,0.04326138586549869,3.8321694191761364,-7.823571448334614
E6,EUCUMBENE_BELOW,SNOWY,13.962112054799853,-8.209527635333222,8.070263635095637,0.9749832684811146,0.19417970049951094,-14.05603120514916
E78,THREDBO,SNOWY,14.039496604276305,-5.663346559793114,4.902028931274355,-0.7929324739429485,-0.4433490950731346,-11.21695163994495
E86,SNOWY,SNOWY,13.53940739388168,-5.876243473745611,3.593742053819539,-0.31580277636972603,-0.9325086160810415,4.680719665187557
E94,SNOWY,SNOWY,11.48102069392392,-2.911973306955747,-0.041354678217751815,0.8218446619104286,2.26983804054758,0.8793208201295147
E14,SNOWY,SNOWY,12.192223409400276,-4.791785726594717,3.014279914824153,-1.541130564927127,0.0641028274306269,6.815660577755396
E22,SNOWY,SNOWY,13.872337258551692,-6.511329580741136,6.594252687922897,-0.47794352718447164,-0.8384557875432008,2.6194120730153156
E30,THREDBO,SNOWY,12.579223736806842,-3.9919693180463796,1.3406019458486393,0.6944997722731583,1.2620149162726806,-3.4772533556018255
E38,SNOWY,SNOWY,13.814741339762456,-6.209874504565327,3.940299762641998,-1.0923033817291796,-1.391555910528176,4.759314993315342
E46,SNOWY,SNOWY,13.451718863580359,-5.2555698005779075,3.958736968194724,-1.6705421428611165,-2.4656201137747473,4.808048461439085
E54,SNOWY,SNOWY,13.55950703895075,-7.021024051568436,5.558190016178515,-0.38532520053535774,-0.8565882609577011,9.236043252784558
E62,THREDBO,SNOWY,13.305790740941221,-4.95969909800336,6.448609715300366,-1.1544118497318923,-0.9530397901406809,-3.723769412884411
E70,EUCUMBENE_ABOVE,SNOWY,13.954820250824937,-2.9671715385240045,0.41893066576921617,-0.39207936322878667,0.06893678070653032,-4.619202064642075
E7,EUCUMBENE_BELOW,SNOWY,15.392094104996932,-7.647414458794437,5.712883678633538,0.15676887087627828,1.6367121123914123,-19.40054552422122
E79,SNOWY,SNOWY,14.439258414376056,-5.637468374244783,3.8028156801586683,-0.8934273100249011,0.05807193633468146,4.900245035231796
E87,SNOWY,SNOWY,14.204326111165328,-6.638772116512476,4.651425107890215,0.6703386094279653,-4.291893615113837,9.900352849025161
E15,THREDBO,SNOWY,12.894852500285324,-5.874344286449779,3.304314944748317,-0.21232894966515592,-0.3429455038129705,-5.244914896020789
E23,SNOWY,SNOWY,14.651776664010313,-7.144743366452413,6.176833564261134,-0.8733518227904595,-0.8210717936893195,7.077628156544112
E31,THREDBO,SNOWY,15.419751551355635,-6.019803746539375,6.865734379360762,-0.4425832586534684,-0.7278349944180025,-9.893759077102816
E39,SNOWY,SNOWY,13.67124114170251,-7.384481418441992,5.165076904077264,-1.9970441627759952,0.4766830531516023,6.303980418788028
E47,SNOWY,SNOWY,12.817615663862634,-6.404068561616311,3.1757824013497555,-1.5447037256944445,1.14553371319545,4.744987319000473
E55,THREDBO,SNOWY,12.490278035142744,-4.554395267775002,1.923884385588662,-1.694848120354055,-0.9157029228177999,-2.1310611494752125
E63,EUCUMBENE_BELOW,SNOWY,13.198881818612621,-6.057576385747413,3.9945165026238234,-0.09327562674042005,-0.3303126564307297,-13.139258233210075
E71,SNOWY,SNOWY,14.616445464270878,-7.0602901036310115,3.2880857324154076,-0.334188255019361,-2.6306046101825515,7.840364960824664
E8,EUCUMBENE_BELOW,SNOWY,13.8473458750961,-6.36475172093523,6.472268717510029,0.8600102362857148,2.311404214103631,-17.769616951337174
E80,SNOWY,SNOWY,13.354754334341099,-2.698172687299104,4.875941301074816,-1.4779866256027636,0.23413356897655385,3.981904109232206
E88,SNOWY,SNOWY,14.010308451433502,-6.552955192222413,4.018028225426224,-0.3485092531858789,-2.358540158423024,7.804851016982617
E16,THREDBO,SNOWY,12.054569852208013,-5.460134809237105,3.9949656862504974,0.9060911896786817,0.3579767461433727,-4.0402819018420795
E24,SNOWY,SNOWY,12.810484770374591,-6.272075691159171,3.1466829397584526,-1.6944505228390774,-0.998324594410065,5.368980918968132
E40,SNOWY,SNOWY,14.369063141246023,-6.793050064440397,3.71989316516805,0.25921479932542263,-1.3724535817788073,7.641632024543585
E48,SNOWY,SNOWY,14.09454880064347,-6.593115806437138,3.581696874801399,-0.39853308232499773,-0.22790449304952434,1.1396127219194314
E56,THREDBO,SNOWY,13.789949039668826,-4.2312207254693055,2.796202967357348,-0.927853184663138,-1.1082215449240165,-4.299525230175148
E64,EUCUMBENE_BELOW,SNOWY,13.841885554895871,-7.9215591426161245,7.219135891400718,-0.26130912824035213,3.1953594913074532,-11.935983826953892
E72,SNOWY,SNOWY,13.280552557755541,-6.04655137012373,3.9839505086333666,-0.5311912934494972,0.228611575811069,4.993764737320514
E95,SNOWY,SNOWY,13.96158316756336,-5.827204602463661,4.263152557649677,-0.6269194789582307,-1.155130273522356,6.813756850534673
T27,TENTERFIELD,BORDER,-22.800632054611185,-0.5561401940937457,2.798438087173414,17.834416074534996,-1.2048407607205716,0.912660424430517
T35,TENTERFIELD,BORDER,-21.65137911466866,-1.6828041887468348,3.591268808082186,13.806731375623178,-1.5359030742360673,3.636756786804636
V1,MITTA_ABOVE,U_MURRAY,10.064038489518586,9.079763070253845,-17.453102119673048,0.5164553984511097,17.703867032715173,1.21540373469195
SDS4,SEVERN_BELOW,BORDER,-23.102310840126226,-1.1874766057522692,-0.5278899441112856,-8.95904037697408,0.13561026894479736,2.4464436322022616
SDS12,SEVERN_BELOW,BORDER,-23.014719548825237,-0.7813934810788116,-1.0049380080470138,-10.529615722600393,0.4882878604654637,3.4754058848461575
SUS20,SEVERN_ABOVE,BORDER,-21.57842039766756,-1.4157713928640427,-1.8832950587938433,-13.522979441582564,-1.0878267545038733,-2.496652899178151
SUS28,SEVERN_ABOVE,BORDER,-23.393265483468838,-0.1730831954934131,-0.4958567007326428,-14.041898455294739,0.9235579928944264,-0.9178623600774704
SUS36,SEVERN_ABOVE,BORDER,-21.782572522820548,-0.5944854399851549,-2.041436159067778,-17.92477894270465,1.3725602786289905,-3.664327156830428
T11,TENTERFIELD,BORDER,-22.777354348178292,-0.42666352142037756,2.586926032819066,13.331104288575125,-0.6990907246427187,0.2804416471562187
T19,TENTERFIELD,BORDER,-22.23605621953931,0.48907250309589595,2.7374550026086837,12.409747859395345,1.1316056559012166,-1.4519276434086659
E96,SNOWY,SNOWY,13.40018185973191,-6.969391287700679,5.160394218779181,0.41005422904624805,-0.0085128261257931,10.349067679077654
T28,TENTERFIELD,BORDER,-23.025343617268597,-0.4673721254619926,1.0780840804486695,14.943645805801404,1.9831243685265612,-0.8459422351779289
T36,TENTERFIELD,BORDER,-21.049943881982287,-0.6068295370747225,1.3765715373803173,11.466737114028067,-0.21977259053231907,2.8045267860990375
V2,MITTA_ABOVE,U_MURRAY,9.724910877880033,5.479246515153562,-14.04480450918865,1.8420618758176006,14.317224582903036,3.685180766987338
SDS5,SEVERN_BELOW,BORDER,-20.492507885126397,-1.8396504510089196,-0.957772012263774,-10.05568930238908,-0.42753042996580604,3.281950804251613
SDS13,SEVERN_BELOW,BORDER,-21.24982754762585,-0.8750193212793966,-1.9382881606113898,-11.267018694283692,2.422708110235782,1.082487411024519
SUS21,SEVERN_ABOVE,BORDER,-21.749426714931978,-1.1579044620382102,-0.010190874491176038,-11.400121974351967,-0.5358142668831527,-2.0745216749428788
SUS29,SEVERN_ABOVE,BORDER,-23.576625585053794,-1.0210066213735192,-0.7117266803486275,-15.834529495537758,0.8566888700723919,-3.032796559530185
SUS37,SEVERN_ABOVE,BORDER,-23.788392288020237,0.44836439399254646,-0.1909373673270457,-9.240534259208678,0.3754101658929451,-4.010003789968318
T4,TENTERFIELD,BORDER,-22.692677600443044,-0.37682684068114564,2.323112317664571,13.195636335934578,1.0977438231236614,-1.5629823324688759
T12,TENTERFIELD,BORDER,-21.59755344612527,-1.0122980699843938,2.6566298124310985,14.027515961120919,-0.5231719781116508,0.8200635880621733
T20,TENTERFIELD,BORDER,-22.61022257317566,-0.3404854926698928,3.030083701550122,15.113747344080588,-0.19365032600333335,0.8978001906814148
E97,SNOWY,SNOWY,13.743390010432021,-5.244757520385737,3.0362621928523694,0.060191678056861896,-0.33554750248730203,4.521739972530222
T29,TENTERFIELD,BORDER,-23.669137773641648,-0.7669834617371754,2.25461435472693,14.934041864265163,0.6527571845145634,-0.14627002504659534
V3,MITTA_ABOVE,U_MURRAY,10.50298316982526,5.429883273751408,-13.56752199063269,0.5473344069517554,12.394779409336216,0.5114735990771163
SDS6,SEVERN_BELOW,BORDER,-22.380040976975756,-0.49016631462242494,0.2967334273628776,-7.3262992222735015,1.3040907743013188,1.8456638888876642
SDS14,SEVERN_BELOW,BORDER,-19.68740662501732,-0.01119264562928451,-1.0661251879767253,-7.86958991384273,0.8439475746459569,2.6537781150230138
SUS22,SEVERN_ABOVE,BORDER,-24.5548587036041,-1.041429211150624,-1.4651087488622503,-19.300632768811376,-0.1047638373428759,-3.472620652038241
SUS30,SEVERN_ABOVE,BORDER,-22.858315497153907,-0.9522893918123101,-0.2571212298903264,-11.26743634675973,0.38160851561827863,-1.6279360227560908
SUS38,SEVERN_ABOVE,BORDER,-23.739196019029066,-0.42468841156958453,-1.063641466382248,-17.31833534619922,0.7661393359459259,-2.974445560692631
T5,TENTERFIELD,BORDER,-21.82575276274912,-0.5243304204924906,4.354609636028524,15.591960349995965,0.06860472505381277,-2.9897399033138465
T13,TENTERFIELD,BORDER,-22.616105353899574,-0.4750490662345147,2.133988504626651,13.800239671886787,-0.49446279913346103,-3.5856851844354485
T21,TENTERFIELD,BORDER,-23.561411847692465,-0.2543299474100237,4.147722394887533,15.938529785618337,-0.9321989236089293,1.290828162953239
E98,SNOWY,SNOWY,12.784063445799301,-5.814125709550376,4.759453469067737,-2.2464117916772737,-0.5531272512473505,9.28225000018804
T30,TENTERFIELD,BORDER,-22.429313006125884,-0.16272922641875334,3.1823757850345453,16.88134179905014,-0.3665123037759669,-0.061712654656112774
T38,TENTERFIELD,BORDER,-21.750906584233956,-1.6784548439503382,2.6370608573899976,11.187605394622482,-1.1800586966802447,1.4507869793608537
V4,MITTA_ABOVE,U_MURRAY,8.416777742619647,5.630220511498194,-14.481013094868489,0.3118745296112941,13.070175145119746,1.904467967261913
SDS7,SEVERN_BELOW,BORDER,-23.755558184795955,-0.7056550815684371,-0.28833200875861303,-12.292662165545753,1.6048225579359159,1.8444069763623872
SDS15,SEVERN_BELOW,BORDER,-25.680632151345147,-1.3705313870792715,-1.3754463033913011,-14.42982968489483,0.24717687976273445,4.154068959999314
SUS23,SEVERN_ABOVE,BORDER,-21.77539186428945,-0.3286482707598493,0.642184327115797,-10.273732631832473,0.7929394038240487,-1.7982459384269902
SUS31,SEVERN_ABOVE,BORDER,-22.783342213732208,-1.4491125901060165,-2.4611705992558957,-17.153743360686143,-2.4204055712782764,-2.798023220530685
SUS39,SEVERN_ABOVE,BORDER,-24.4513360761697,-0.511029622701429,-0.4871127625699564,-16.655166520650493,-0.6170158139395756,-3.6740640355276866
T6,TENTERFIELD,BORDER,-24.207422739614476,-1.1924440853267761,3.1318689302345764,13.810172946860824,1.0547404538327527,-1.9077571085404639
T14,TENTERFIELD,BORDER,-22.60602510523107,-1.7009865802728854,2.4815412209391385,14.824861726681554,0.1357309274753881,1.9110949348405748
T22,TENTERFIELD,BORDER,-21.862822241647176,0.5465614180041708,3.3304955937080027,17.129341013006876,-1.674937042104129,-0.6111807085964809
E99,SNOWY,SNOWY,12.097987750379234,-7.27010896776787,4.77950885614521,-0.985783264956742,-0.1657027316620924,10.701707999460732
T31,TENTERFIELD,BORDER,-23.12260926545875,-0.7965105494735046,2.7328141826185774,14.980001600606036,-0.029761683625098387,1.6407310672661972
T39,TENTERFIELD,BORDER,-23.243718617031707,-1.4774127749063208,3.6235032519748085,13.638919684573352,-1.659870940132527,3.135502255935156
V5,MITTA_ABOVE,U_MURRAY,9.76623807852247,7.118883380192269,-19.44522117480237,3.585923224471012,32.846458807639614,0.2601017501202127
SDS8,SEVERN_BELOW,BORDER,-20.834649000545244,-1.075548198251907,-0.4400259065969225,-9.222913827718973,1.0623239625095782,2.44298825638548
SDS16,SEVERN_BELOW,BORDER,-23.861935577842566,-0.9481054371644644,-1.0957267496844791,-12.494325562917576,1.1776984293851867,3.172305324923602
SUS24,SEVERN_ABOVE,BORDER,-22.04051700239615,-1.0107477457265146,-0.787792415866206,-11.496517990501745,0.4924539250393781,-2.216287713180627
SUS32,SEVERN_ABOVE,BORDER,-22.33428371380345,-1.3421128172038765,-1.8605322516354361,-12.96092751811998,-0.4045067492927143,-3.579186875146359
SUS40,SEVERN_ABOVE,BORDER,-21.963851278045134,-1.0514920437933402,-1.5083876663601157,-15.324486518224262,1.144790331240193,-3.8623100414925315
T7,TENTERFIELD,BORDER,-23.332491811954718,-0.19166593801809725,2.6185643220642865,13.210857697710242,1.4247812145656022,2.17294202825359
T15,TENTERFIELD,BORDER,-22.11711288958921,1.561183392576152,3.5934686249461625,16.07028823502802,1.5035465221057285,0.8730282094278179
T23,TENTERFIELD,BORDER,-22.784202672818328,-0.5688500455413471,2.1000268627619527,12.203547219257,2.3751196416219895,-1.3780115529118095
E100,SNOWY,SNOWY,11.138670907900861,-4.867056771918769,3.4645358432839135,-0.031706791132117065,-2.134796269919901,5.507928787113621
T32,TENTERFIELD,BORDER,-21.413367841711366,-1.6960589084136233,2.31908351888938,13.812100513717498,-0.8393608646748412,-1.5200916925229442
T40,TENTERFIELD,BORDER,-19.566614068244554,-1.4498252847491044,-0.6008623794511543,3.191185585554197,0.6341188863844527,-0.8913513718900455
V6,OVENS,U_MURRAY,9.327787395702655,8.92186476899863,-19.245109005716937,1.4816583530042546,-14.538923407944802,-2.4627481049768094
SDS9,SEVERN_BELOW,BORDER,-22.805871365287732,-0.6065138509565307,-0.7517955323390473,-10.149029332230679,1.0370668206802736,2.1863105529136986
SDS17,SEVERN_BELOW,BORDER,-21.571605630946614,-0.8169831526545279,-0.23660570620869859,-8.481273137126466,-0.17126271416586641,1.3141915714275059
SUS25,SEVERN_ABOVE,BORDER,-24.611002612088566,-0.15261178861617683,-1.0808911639549361,-15.393858974430305,0.7704069644002352,-2.3076284348610883
SUS33,SEVERN_ABOVE,BORDER,-21.210754699461422,-1.6024461278013824,-0.5481611370668206,-14.569122391699214,0.4529859821226879,-1.9313051621223043
SUS41,SEVERN_ABOVE,BORDER,-24.11781542230367,-0.5122042410343451,-0.6654923747826145,-15.525520592835976,0.32103983341771036,-1.4775273287183484
T8,TENTERFIELD,BORDER,-23.821501061557896,0.3625798244252303,2.0673773658057883,14.793210396369236,-0.4590010216558578,0.10469136894307976
T16,TENTERFIELD,BORDER,-21.72388651934058,-0.4606216605294155,2.113562570166558,12.483027359447624,1.3161534447088659,-2.7332065643236434
T24,TENTERFIELD,BORDER,-21.619576882844633,-0.20374145124633367,2.4293746343207085,13.144450418219481,-1.1104120441859822,-2.3447636241213554
SDS2,SEVERN_BELOW,BORDER,-23.629165350400953,-1.128327877653311,0.3054217750448115,-11.885400265433987,0.5934574023879889,3.405630800109639
T33,TENTERFIELD,BORDER,-19.791508418893375,-0.486636449707997,-0.5735969715956654,3.1050563384331205,-2.12697143926019,1.6155804718295907
T41,TENTERFIELD,BORDER,-20.914481021370815,-0.24457729546645207,0.09918713283719288,4.794587089565536,-4.030569948434747,3.5974897271641515
SDS10,SEVERN_BELOW,BORDER,-24.40591493056064,-0.20551913911381522,-1.3077908128234668,-10.969899519111049,0.32260785415678606,1.992789027220083
SDS18,SEVERN_BELOW,BORDER,-22.73117587656337,-1.17320415258419,-0.40615023072166456,-14.883076744942313,0.6207300332557156,7.628833345073702
SUS26,SEVERN_ABOVE,BORDER,-24.458953281825785,-1.99231772351513,-1.6865539045767735,-15.309267936555015,-0.8089106526560143,-1.4205800168931062
SUS34,SEVERN_ABOVE,BORDER,-22.365497510969718,-1.1431591983919753,-1.5676607257105921,-17.631551906256394,-2.989821973618813,-3.417725879703255
T1,TENTERFIELD,BORDER,-21.52461336098959,-0.2831961230893363,1.5541472983027755,14.43552673767217,0.013215606075912222,0.7127441298524017
T9,TENTERFIELD,BORDER,-22.389068067534364,-0.8209726533067155,1.5397232696414096,12.904338612170477,-1.4550912641970528,1.5092591861195588
T17,TENTERFIELD,BORDER,-22.859977687751982,-0.26670471195744927,2.2273464877215714,14.368090357333875,-0.81036102314303,-1.4948597160306272
T25,TENTERFIELD,BORDER,-19.891158973386183,0.8007995531973412,2.226756109660242,11.087375091905294,1.21833102561342,0.5392816328074647
SDS3,SEVERN_BELOW,BORDER,-23.784825756938787,-0.48448476909708416,-0.24981219168948732,-11.716261738897924,0.5789689754783371,4.097910485700875
T34,TENTERFIELD,BORDER,-23.369442389853678,-0.44488472023135794,2.6258109494965223,11.128811877857018,1.3146663457663978,-0.7359305821024302
SDS11,SEVERN_BELOW,BORDER,-22.337575237060193,-0.8780496367907373,-0.7325000888021634,-11.595673785151078,0.3794239834445119,3.1738900471264513
SUS19,SEVERN_ABOVE,BORDER,-22.856320213725137,-1.0216074911117567,-2.0724173403932173,-15.904796479911338,-2.740525842144291,-3.729358160285902
SUS27,SEVERN_ABOVE,BORDER,-21.6127411283428,-0.9755315434704782,-1.1165231965656892,-12.447965931044491,-1.4911483885077073,-1.315529710052197
SUS35,SEVERN_ABOVE,BORDER,-21.46163183174862,-2.4681905331034724,-0.9501803349719903,-14.364448998243626,0.6755003895953984,-0.8902886604157615
T2,TENTERFIELD,BORDER,-22.00952138158727,-0.2940600614797142,3.459145097459553,15.637560908528423,0.21486061172524115,-0.34049266665754463
T10,TENTERFIELD,BORDER,-22.833796508152563,-1.2040449723730753,3.7506318864089865,16.356232338053548,-1.4615334898243677,0.607447783984961
T18,TENTERFIELD,BORDER,-21.373338228253765,-0.9548509764108585,1.7612468177436935,13.275388887990914,-0.9993261500534611,-1.3782706249987726
T26,TENTERFIELD,BORDER,-22.307682776824592,0.319211145415488,3.4079440466444457,15.245421847525941,-0.23583500935683815,1.3234296950542557
V7,OVENS,U_MURRAY,10.849208775703648,9.25460124923747,-22.443483176141687,2.4957296901459753,-13.32097141919312,-4.816058302456007
V15a,OVENS,U_MURRAY,9.503176371881567,7.885929700386027,-18.728538221388803,-0.1027619991764956,-17.21045451519045,1.3521832282881245
V23,MITTA_ABOVE,U_MURRAY,10.482732609786657,6.982954493205603,-14.926756872187472,2.2761181942221995,14.512716119105436,2.648360107161163
V31,MITTA_ABOVE,U_MURRAY,10.20726196457423,6.215745655280923,-20.569981622229395,3.075526427347131,31.46937538355242,1.035600830771735
V8,OVENS,U_MURRAY,9.873359759884252,8.44347565792218,-21.39148488090792,1.5746312740034767,-12.967911520624702,0.09796203032858132
V15b,OVENS,U_MURRAY,10.136879952698687,5.889845478400114,-18.083640867758323,2.648457386948488,-9.986370061075084,-1.532304098290854
V24,MITTA_ABOVE,U_MURRAY,9.357939399461143,5.808783544285003,-16.56938219467209,1.915962059979353,13.611549562498478,0.4618795134455292
V32,OVENS,U_MURRAY,9.362189859203436,8.257992840455795,-16.76565875157073,2.6576735518437284,-8.041919106832864,-2.938858995889041
V9,OVENS,U_MURRAY,9.945771373956468,6.473834767603452,-14.96207947646904,1.5437827661189074,-7.02688133629183,-1.5211692004304709
V17,OVENS,U_MURRAY,10.409657984911696,7.167586713708475,-19.913956180082124,0.5631721116894743,-8.985265954708828,-3.4609653952287354
V25,MITTA_ABOVE,U_MURRAY,10.133890330435927,4.561078520186492,-13.963203787144275,2.9440440569108848,19.55334152531101,5.176729741495145
V33,MITTA_ABOVE,U_MURRAY,10.861170750740206,4.577584745745669,-18.50235970799281,2.8624189390878856,30.200407047523473,0.38244608169165406
V10,OVENS,U_MURRAY,9.056549408287582,8.575416614588958,-24.65439734135283,1.825165454425447,-23.078310296354616,0.8013049820362882
V18,OVENS,U_MURRAY,8.8292667927554,6.46102574570949,-19.1574208619038,3.185228399293479,-19.819455783218917,-0.9271456971333419
V26,OVENS,U_MURRAY,11.032788408293046,9.364184688196001,-18.83162653949389,2.836531472701764,-6.362339440990195,-3.5311987098425535
V11,OVENS,U_MURRAY,9.04762336723992,7.599517868315799,-20.986503795362932,2.2779859202850083,-19.172183331960046,0.20545784435945205
V19,OVENS,U_MURRAY,9.185446659012253,7.72378132727553,-15.066026470033515,2.0365595872649593,-9.250996105290252,0.5603803570420572
V27,OVENS,U_MURRAY,8.913557458185236,7.70317149115643,-18.521176516209103,0.6603809327451509,-11.28401198007617,0.03385060789274439
V35,MITTA_BELOW,U_MURRAY,11.108147147679182,5.05486094775701,-16.17691940339772,2.7875158044033643,5.647537659933539,0.501797497994795
V12,OVENS,U_MURRAY,8.293165597946274,10.543994518410441,-19.172989337635357,2.6055327759436433,-14.788254938488324,0.7185884935912058
V20,MITTA_BELOW,U_MURRAY,9.571290523420366,6.337377920010259,-14.907841533609039,2.7931840710507703,8.408035494949178,3.6880127969282555
V28,OVENS,U_MURRAY,9.985571188476667,8.898454143332934,-19.645739724402162,2.5102901145971317,-5.000892598164223,-2.659838143189793
V36,MITTA_BELOW,U_MURRAY,11.740978564419565,7.807933571093429,-17.628103424311316,1.0714303594950823,12.824623693757832,-1.3236627679691508
V13,OVENS,U_MURRAY,8.576082838735397,7.971815678268105,-16.76479219424948,3.325750562207849,-11.181435547329862,-1.953979711832484
V21,MITTA_ABOVE,U_MURRAY,7.660322684664193,6.754962684881652,-12.584220332893707,0.4924504754399538,9.069823032459178,0.6230274016026967
V29,OVENS,U_MURRAY,8.884599960581179,7.006923268186354,-19.040172825938072,1.8564688419093267,-15.499105577049965,0.33171476489818574
V37,MITTA_BELOW,U_MURRAY,9.195135418164236,5.205084733685444,-13.64885012018079,1.667077100926127,6.11258406487332,0.6612094647810317
V14,OVENS,U_MURRAY,9.493693185468587,7.570252045295991,-18.602730026492996,2.4158219169930604,-15.81526848676,-1.537620893622827
V22,MITTA_ABOVE,U_MURRAY,8.732250486863473,7.285354568471671,-16.50801289998558,0.1417255271593988,14.317712119623677,3.3610809174078566
V30,MITTA_ABOVE,U_MURRAY,10.258632233602789,7.191949643389564,-16.710388090344892,2.9692823557925747,17.51212080004817,4.596690306244495
KI7,KI,KI,11.332023002070377,49.563249557478606,18.665621277422478,-4.405599790884157,1.7363666297182774,6.342863416831886
KI8,KI,KI,10.867661551572494,51.6827110730839,21.946660354143066,-2.6064521310915745,0.5249633007259831,-6.125578550682532
KI1,KI,KI,11.451180502499156,51.76178004832057,21.51071119916741,-4.524832215465095,-0.1965894328223306,5.804478551730991
KI2,KI,KI,10.469670207269933,44.28271253066087,17.767401130204803,-2.164203838672105,-0.22591607645438813,-4.141838235792801
KI3,KI,KI,10.860442299348193,45.5892145407066,18.470269944100632,-1.3438373825538543,-0.8595644044299905,-6.119120688465437
KI4,KI,KI,11.18109185842498,45.27202046088342,17.642312734870377,-1.3186374404315304,-1.1179174377270438,3.9221605885566646
KI5,KI,KI,11.998964518949894,47.53666313113355,18.994786483124905,-3.715385025695015,0.33931001917828296,8.56411087248789
KI6,KI,KI,9.482694035427553,46.350058845660946,16.753338511101543,-1.153412035275227,-0.5251557723327972,-5.470231561698881
