scaffold,refseq_majority,chrom_label,purity,n_anchor_loci,class
PTTO01000002.1_Contig4453,,unanchored,,0,unanchored
PTTO01000006.1_Contig148,NC_041734.1,7,1.0,127,autosome
PTTO01000010.1_Contig699,NW_021638005.1,Y3,1.0,1,sex
PTTO01000015.1_Contig270,NC_041749.1,X1,1.0,2,sex
PTTO01000018.1_Contig3033,,unanchored,,0,unanchored
PTTO01000019.1_Contig109,,unanchored,,0,unanchored
PTTO01000037.1_Contig1847,,unanchored,,0,unanchored
PTTO01000089.1_Contig4440,NW_021638280.1,unplaced,0.5,2,unplaced
PTTO01000098.1_Contig21,NC_041729.1,2,1.0,11,autosome
PTTO01000115.1_Contig24,NC_041745.1,18,1.0,15,autosome
PTTO01000117.1_Contig488,,unanchored,,0,unanchored
PTTO01000120.1_Contig90,NC_041749.1,X1,1.0,9,sex
PTTO01000130.1_Contig4533,NC_041748.1,21,1.0,1,autosome
PTTO01000166.1_Contig207,NC_041747.1,20,1.0,43,autosome
PTTO01000169.1_Contig4087,NC_041736.1,9,1.0,1,autosome
PTTO01000172.1_Contig175,NC_041749.1,X1,1.0,9,sex
PTTO01000197.1_Contig3104,NC_041729.1,2,1.0,18,autosome
PTTO01000210.1_Contig2387,NW_021638271.1,unplaced,1.0,1,unplaced
PTTO01000219.1_Contig243,NW_021638271.1,unplaced,1.0,1,unplaced
PTTO01000230.1_Contig34,NC_041734.1,7,1.0,114,autosome
PTTO01000257.1_Contig57,NC_041740.1,13,1.0,14,autosome
PTTO01000276.1_Contig319,NC_041737.1,10,1.0,99,autosome
PTTO01000291.1_Contig451,NW_021638004.1,Y2,1.0,1,sex
PTTO01000295.1_Contig3789,,unanchored,,0,unanchored
PTTO01000311.1_Contig4505,NC_041731.1,4,1.0,9,autosome
PTTO01000312.1_Contig4144,,unanchored,,0,unanchored
PTTO01000318.1_Contig139,NC_041730.1,3,0.9929078014184397,141,autosome
PTTO01000326.1_Contig65,,unanchored,,0,unanchored
PTTO01000327.1_Contig297,NW_021638059.1,unplaced,1.0,1,unplaced
PTTO01000328.1_Contig460,NC_041749.1,X1,1.0,7,sex
PTTO01000332.1_Contig333,NC_041729.1,2,1.0,58,autosome
PTTO01000335.1_Contig290,NC_041753.1,X5,1.0,20,sex
PTTO01000348.1_Contig363,NW_021638040.1,unplaced,1.0,1,unplaced
PTTO01000369.1_Contig3390,,unanchored,,0,unanchored
PTTO01000372.1_Contig279,NW_021638006.1,Y4,1.0,1,sex
PTTO01000376.1_Contig11,NC_041745.1,18,1.0,182,autosome
PTTO01000382.1_Contig3915,,unanchored,,0,unanchored
PTTO01000387.1_Contig899,NW_021638272.1,unplaced,1.0,2,unplaced
PTTO01000394.1_Contig225,NC_041730.1,3,1.0,1,autosome
PTTO01000404.1_Contig2622,,unanchored,,0,unanchored
PTTO01000407.1_Contig836,,unanchored,,0,unanchored
PTTO01000408.1_Contig219,NC_041728.1,1,1.0,9,autosome
PTTO01000412.1_Contig1698,,unanchored,,0,unanchored
PTTO01000422.1_Contig2291,,unanchored,,0,unanchored
PTTO01000441.1_Contig191,NC_041753.1,X5,1.0,7,sex
PTTO01000455.1_Contig2018,,unanchored,,0,unanchored
PTTO01000456.1_Contig984,NC_041728.1,1,1.0,1,autosome
PTTO01000461.1_Contig4190,,unanchored,,0,unanchored
PTTO01000470.1_Contig268,NW_021638205.1,unplaced,1.0,1,unplaced
PTTO01000477.1_Contig519,NC_041753.1,X5,1.0,3,sex
PTTO01000479.1_Contig130,,unanchored,,0,unanchored
PTTO01000483.1_Contig185,NC_041730.1,3,1.0,17,autosome
PTTO01000493.1_Contig1165,NC_041744.1,17,1.0,14,autosome
PTTO01000494.1_Contig478,,unanchored,,0,unanchored
PTTO01000503.1_Contig2272,NW_021638163.1,unplaced,1.0,1,unplaced
PTTO01000509.1_Contig967,,unanchored,,0,unanchored
PTTO01000510.1_Contig618,NC_041731.1,4,1.0,1,autosome
PTTO01000528.1_Contig3485,NW_021638005.1,Y3,1.0,1,sex
PTTO01000529.1_Contig704,NC_041749.1,X1,1.0,4,sex
PTTO01000532.1_Contig1247,,unanchored,,0,unanchored
PTTO01000536.1_Contig98,NC_041735.1,8,1.0,67,autosome
PTTO01000538.1_Contig287,NC_041731.1,4,1.0,1,autosome
PTTO01000550.1_Contig27,NC_041744.1,17,1.0,8,autosome
PTTO01000552.1_Contig436,NC_041741.1,14,1.0,1,autosome
PTTO01000561.1_Contig4174,,unanchored,,0,unanchored
PTTO01000571.1_Contig170,NC_041730.1,3,1.0,42,autosome
PTTO01000586.1_Contig1034,NC_041728.1,1,1.0,2,autosome
PTTO01000595.1_Contig97,NC_041745.1,18,1.0,1,autosome
PTTO01000608.1_Contig698,NC_041729.1,2,1.0,1,autosome
PTTO01000610.1_Contig693,NW_021638225.1,unplaced,1.0,2,unplaced
PTTO01000611.1_Contig3054,,unanchored,,0,unanchored
PTTO01000629.1_Contig4478,,unanchored,,0,unanchored
PTTO01000640.1_Contig174,NC_041753.1,X5,1.0,12,sex
PTTO01000659.1_Contig3311,NC_041731.1,4,0.991869918699187,123,autosome
PTTO01000662.1_Contig2269,,unanchored,,0,unanchored
PTTO01000663.1_Contig345,,unanchored,,0,unanchored
PTTO01000665.1_Contig957,NW_021638005.1,Y3,1.0,1,sex
PTTO01000670.1_Contig683,NW_021638040.1,unplaced,1.0,2,unplaced
PTTO01000677.1_Contig799,NC_041739.1,12,1.0,1,autosome
PTTO01000680.1_Contig119,,unanchored,,0,unanchored
PTTO01000681.1_Contig3801,,unanchored,,0,unanchored
PTTO01000683.1_Contig160,,unanchored,,0,unanchored
PTTO01000700.1_Contig3723,NC_041730.1,3,1.0,59,autosome
PTTO01000705.1_Contig20,NC_041743.1,16,1.0,52,autosome
PTTO01000717.1_Contig3964,,unanchored,,0,unanchored
PTTO01000725.1_Contig377,,unanchored,,0,unanchored
PTTO01000729.1_Contig58,NC_041742.1,15,1.0,28,autosome
PTTO01000748.1_Contig149,NC_041748.1,21,1.0,12,autosome
PTTO01000753.1_Contig46,NC_041753.1,X5,1.0,32,sex
PTTO01000756.1_Contig1191,NC_041740.1,13,1.0,11,autosome
PTTO01000765.1_Contig334,NC_041729.1,2,1.0,190,autosome
PTTO01000767.1_Contig728,,unanchored,,0,unanchored
PTTO01000776.1_Contig244,NC_041753.1,X5,1.0,1,sex
PTTO01000783.1_Contig184,NW_021638062.1,unplaced,1.0,1,unplaced
PTTO01000802.1_Contig2742,,unanchored,,0,unanchored
PTTO01000812.1_Contig368,NC_041748.1,21,1.0,27,autosome
PTTO01000827.1_Contig1298,,unanchored,,0,unanchored
PTTO01000839.1_Contig3270,,unanchored,,0,unanchored
PTTO01000872.1_Contig82,NC_041729.1,2,1.0,8,autosome
PTTO01000873.1_Contig3269,NC_041729.1,2,1.0,8,autosome
PTTO01000875.1_Contig31,NC_041730.1,3,1.0,223,autosome
PTTO01000881.1_Contig203,,unanchored,,0,unanchored
PTTO01000885.1_Contig10,NC_041744.1,17,1.0,57,autosome
PTTO01000887.1_Contig2320,,unanchored,,0,unanchored
PTTO01000898.1_Contig376,,unanchored,,0,unanchored
PTTO01000910.1_Contig584,NC_041749.1,X1,1.0,3,sex
PTTO01000913.1_Contig59,NC_041749.1,X1,1.0,12,sex
PTTO01000947.1_Contig1049,NC_041739.1,12,1.0,32,autosome
PTTO01000948.1_Contig298,NC_041735.1,8,1.0,3,autosome
PTTO01000954.1_Contig2057,,unanchored,,0,unanchored
PTTO01000959.1_Contig66,NC_041748.1,21,1.0,23,autosome
PTTO01000966.1_Contig89,NC_041731.1,4,0.6666666666666666,3,autosome
PTTO01000967.1_Contig1108,,unanchored,,0,unanchored
PTTO01000968.1_Contig311,NC_041752.1,X4,1.0,1,sex
PTTO01000974.1_Contig37,NC_041741.1,14,1.0,206,autosome
PTTO01000980.1_Contig4149,,unanchored,,0,unanchored
PTTO01000982.1_Contig302,NC_041749.1,X1,1.0,5,sex
PTTO01000996.1_Contig4307,,unanchored,,0,unanchored
PTTO01001021.1_Contig3337,NW_021638116.1,unplaced,1.0,1,unplaced
PTTO01001025.1_Contig121,NW_021638205.1,unplaced,1.0,2,unplaced
PTTO01001027.1_Contig265,NC_041751.1,X3,0.95,40,sex
PTTO01001039.1_Contig891,,unanchored,,0,unanchored
PTTO01001047.1_Contig218,NC_041743.1,16,1.0,1,autosome
PTTO01001051.1_Contig4,NC_041737.1,10,0.9955156950672646,223,autosome
PTTO01001053.1_Contig1792,,unanchored,,0,unanchored
PTTO01001054.1_Contig4216,NW_021638224.1,unplaced,1.0,1,unplaced
PTTO01001062.1_Contig2652,,unanchored,,0,unanchored
PTTO01001073.1_Contig8,NC_041748.1,21,1.0,22,autosome
PTTO01001075.1_Contig133,NW_021638278.1,unplaced,1.0,2,unplaced
PTTO01001110.1_Contig192,NC_041731.1,4,1.0,3,autosome
PTTO01001111.1_Contig4314,,unanchored,,0,unanchored
PTTO01001114.1_Contig282,NC_041740.1,13,1.0,57,autosome
PTTO01001124.1_Contig2907,,unanchored,,0,unanchored
PTTO01001141.1_Contig930,NC_041739.1,12,1.0,2,autosome
PTTO01001153.1_Contig3425,NC_041749.1,X1,1.0,1,sex
PTTO01001156.1_Contig266,NC_041736.1,9,1.0,2,autosome
PTTO01001174.1_Contig3884,NC_041738.1,11,1.0,1,autosome
PTTO01001178.1_Contig2570,NW_021638015.1,unplaced,1.0,2,unplaced
PTTO01001180.1_Contig344,NC_041739.1,12,1.0,5,autosome
PTTO01001192.1_Contig525,NC_041729.1,2,1.0,2,autosome
PTTO01001193.1_Contig981,,unanchored,,0,unanchored
PTTO01001196.1_Contig514,,unanchored,,0,unanchored
PTTO01001204.1_Contig7,NC_041749.1,X1,1.0,20,sex
PTTO01001211.1_Contig152,NC_041752.1,X4,0.5,2,sex
PTTO01001213.1_Contig49,NC_041752.1,X4,0.6666666666666666,3,sex
PTTO01001215.1_Contig3566,,unanchored,,0,unanchored
PTTO01001230.1_Contig240,NC_041735.1,8,1.0,3,autosome
PTTO01001231.1_Contig645,,unanchored,,0,unanchored
PTTO01001236.1_Contig336,NC_041746.1,19,1.0,113,autosome
PTTO01001239.1_Contig40,NC_041734.1,7,1.0,1,autosome
PTTO01001241.1_Contig276,NC_041740.1,13,1.0,169,autosome
PTTO01001244.1_Contig55,NC_041738.1,11,1.0,81,autosome
PTTO01001248.1_Contig1910,,unanchored,,0,unanchored
PTTO01001275.1_Contig335,,unanchored,,0,unanchored
PTTO01001283.1_Contig4384,NC_041746.1,19,1.0,13,autosome
PTTO01001284.1_Contig4018,,unanchored,,0,unanchored
PTTO01001289.1_Contig370,NW_021638040.1,unplaced,1.0,2,unplaced
PTTO01001293.1_Contig3184,,unanchored,,0,unanchored
PTTO01001296.1_Contig62,NC_041746.1,19,1.0,27,autosome
PTTO01001299.1_Contig3358,NC_041748.1,21,1.0,1,autosome
PTTO01001308.1_Contig782,,unanchored,,0,unanchored
PTTO01001315.1_Contig92,NC_041742.1,15,1.0,48,autosome
PTTO01001316.1_Contig779,,unanchored,,0,unanchored
PTTO01001319.1_Contig249,NC_041749.1,X1,1.0,3,sex
PTTO01001320.1_Contig70,NC_041731.1,4,1.0,161,autosome
PTTO01001335.1_Contig161,NC_041728.1,1,1.0,1,autosome
PTTO01001346.1_Contig4318,NC_041751.1,X3,1.0,2,sex
PTTO01001349.1_Contig23,NC_041736.1,9,1.0,233,autosome
PTTO01001357.1_Contig3212,NW_021638271.1,unplaced,1.0,1,unplaced
PTTO01001364.1_Contig3905,,unanchored,,0,unanchored
PTTO01001369.1_Contig3400,,unanchored,,0,unanchored
PTTO01001370.1_Contig26,NC_041734.1,7,0.9925373134328358,268,autosome
PTTO01001371.1_Contig4548,,unanchored,,0,unanchored
PTTO01001386.1_Contig3375,NC_041749.1,X1,1.0,1,sex
PTTO01001400.1_Contig2982,,unanchored,,0,unanchored
PTTO01001410.1_Contig4101,NW_021638007.1,Y5,1.0,1,sex
PTTO01001418.1_Contig1115,NW_021638278.1,unplaced,1.0,6,unplaced
PTTO01001421.1_Contig177,NC_041730.1,3,0.9166666666666666,12,autosome
PTTO01001425.1_Contig235,NW_021638079.1,unplaced,1.0,32,unplaced
PTTO01001430.1_Contig936,,unanchored,,0,unanchored
PTTO01001440.1_Contig1148,NW_021638005.1,Y3,1.0,2,sex
PTTO01001449.1_Contig4557,,unanchored,,0,unanchored
PTTO01001456.1_Contig128,NC_041751.1,X3,1.0,44,sex
PTTO01001468.1_Contig865,,unanchored,,0,unanchored
PTTO01001470.1_Contig295,NC_041729.1,2,0.6666666666666666,3,autosome
PTTO01001482.1_Contig952,,unanchored,,0,unanchored
PTTO01001483.1_Contig1255,,unanchored,,0,unanchored
PTTO01001485.1_Contig107,NC_041753.1,X5,1.0,6,sex
PTTO01001488.1_Contig3949,,unanchored,,0,unanchored
PTTO01001523.1_Contig4499,NC_041739.1,12,1.0,2,autosome
PTTO01001535.1_Contig81,,unanchored,,0,unanchored
PTTO01001538.1_Contig4283,,unanchored,,0,unanchored
PTTO01001542.1_Contig63,NC_041753.1,X5,0.9090909090909091,11,sex
PTTO01001543.1_Contig124,NC_041749.1,X1,1.0,11,sex
PTTO01001544.1_Contig2329,,unanchored,,0,unanchored
PTTO01001556.1_Contig3,NC_041728.1,1,1.0,9,autosome
PTTO01001564.1_Contig1857,NC_041746.1,19,1.0,8,autosome
PTTO01001565.1_Contig3145,NC_041735.1,8,1.0,9,autosome
PTTO01001571.1_Contig3472,NC_041729.1,2,1.0,13,autosome
PTTO01001593.1_Contig635,,unanchored,,0,unanchored
PTTO01001610.1_Contig358,NC_041729.1,2,1.0,20,autosome
PTTO01001611.1_Contig3553,NC_041739.1,12,1.0,34,autosome
PTTO01001621.1_Contig1171,NW_021638005.1,Y3,1.0,1,sex
PTTO01001625.1_Contig2454,NC_041750.1,X2,1.0,11,sex
PTTO01001633.1_Contig312,NC_041739.1,12,1.0,203,autosome
PTTO01001635.1_Contig17,NC_041748.1,21,1.0,3,autosome
PTTO01001636.1_Contig4339,,unanchored,,0,unanchored
PTTO01001641.1_Contig4105,NC_041744.1,17,1.0,1,autosome
PTTO01001642.1_Contig996,,unanchored,,0,unanchored
PTTO01001652.1_Contig209,NC_041739.1,12,1.0,22,autosome
PTTO01001671.1_Contig3201,NC_041730.1,3,1.0,5,autosome
PTTO01001673.1_Contig151,NC_041753.1,X5,1.0,21,sex
PTTO01001678.1_Contig35,NC_041737.1,10,1.0,126,autosome
PTTO01001681.1_Contig960,,unanchored,,0,unanchored
PTTO01001682.1_Contig162,NC_041728.1,1,1.0,2,autosome
PTTO01001687.1_Contig816,,unanchored,,0,unanchored
PTTO01001689.1_Contig41,NC_041740.1,13,1.0,20,autosome
PTTO01001696.1_Contig254,NC_041747.1,20,0.9910714285714286,112,autosome
PTTO01001718.1_Contig304,NC_041749.1,X1,1.0,1,sex
PTTO01001722.1_Contig337,NC_041749.1,X1,1.0,12,sex
PTTO01001724.1_Contig275,NC_041750.1,X2,1.0,9,sex
PTTO01001726.1_Contig56,NC_041729.1,2,1.0,1,autosome
PTTO01001734.1_Contig600,,unanchored,,0,unanchored
PTTO01001739.1_Contig661,NC_041734.1,7,0.5,2,autosome
PTTO01001748.1_Contig327,NC_041734.1,7,1.0,3,autosome
PTTO01001756.1_Contig2611,NC_041736.1,9,1.0,1,autosome
PTTO01001767.1_Contig2469,NC_041749.1,X1,1.0,15,sex
PTTO01001768.1_Contig1453,,unanchored,,0,unanchored
PTTO01001785.1_Contig403,NW_021638062.1,unplaced,1.0,1,unplaced
PTTO01001786.1_Contig375,NC_041753.1,X5,1.0,21,sex
PTTO01001823.1_Contig1598,NC_041750.1,X2,1.0,1,sex
PTTO01001827.1_Contig574,NC_041753.1,X5,1.0,3,sex
PTTO01001828.1_Contig6,NC_041753.1,X5,0.9722222222222222,36,sex
PTTO01001839.1_Contig208,NC_041741.1,14,1.0,125,autosome
PTTO01001843.1_Contig3916,,unanchored,,0,unanchored
PTTO01001847.1_Contig29,NC_041749.1,X1,0.9523809523809523,42,sex
PTTO01001858.1_Contig4367,,unanchored,,0,unanchored
PTTO01001861.1_Contig1410,,unanchored,,0,unanchored
PTTO01001869.1_Contig3099,NC_041729.1,2,1.0,2,autosome
PTTO01001870.1_Contig504,,unanchored,,0,unanchored
PTTO01001881.1_Contig320,,unanchored,,0,unanchored
PTTO01001883.1_Contig281,NC_041729.1,2,1.0,55,autosome
PTTO01001899.1_Contig2245,NC_041749.1,X1,1.0,4,sex
PTTO01001904.1_Contig289,NC_041744.1,17,1.0,4,autosome
PTTO01001912.1_Contig3405,NC_041750.1,X2,1.0,9,sex
PTTO01001914.1_Contig3044,NC_041748.1,21,1.0,1,autosome
PTTO01001915.1_Contig4147,NC_041729.1,2,1.0,4,autosome
PTTO01001916.1_Contig4008,NC_041753.1,X5,1.0,3,sex
PTTO01001930.1_Contig4539,,unanchored,,0,unanchored
PTTO01001940.1_Contig353,NC_041731.1,4,1.0,230,autosome
PTTO01001942.1_Contig928,NW_021638007.1,Y5,1.0,1,sex
PTTO01001945.1_Contig4428,,unanchored,,0,unanchored
PTTO01001946.1_Contig176,NC_041732.1,5,1.0,3,autosome
PTTO01001947.1_Contig1761,NC_041748.1,21,1.0,18,autosome
PTTO01001951.1_Contig4161,,unanchored,,0,unanchored
PTTO01001961.1_Contig741,NC_041753.1,X5,1.0,10,sex
PTTO01001968.1_Contig1730,NC_041749.1,X1,1.0,1,sex
PTTO01001974.1_Contig224,,unanchored,,0,unanchored
PTTO01002035.1_Contig2975,,unanchored,,0,unanchored
PTTO01002047.1_Contig348,,unanchored,,0,unanchored
PTTO01002057.1_Contig2,NC_041730.1,3,1.0,345,autosome
PTTO01002061.1_Contig4150,,unanchored,,0,unanchored
PTTO01002065.1_Contig180,NW_021638276.1,unplaced,1.0,1,unplaced
PTTO01002075.1_Contig88,NC_041735.1,8,1.0,21,autosome
PTTO01002077.1_Contig136,NC_041750.1,X2,1.0,10,sex
PTTO01002084.1_Contig211,,unanchored,,0,unanchored
PTTO01002104.1_Contig16,NC_041732.1,5,0.6161228406909789,521,autosome
PTTO01002117.1_Contig4407,,unanchored,,0,unanchored
PTTO01002128.1_Contig236,NC_041729.1,2,1.0,9,autosome
PTTO01002149.1_Contig685,NC_041749.1,X1,1.0,1,sex
PTTO01002162.1_Contig2856,NC_041732.1,5,1.0,1,autosome
PTTO01002169.1_Contig4079,,unanchored,,0,unanchored
PTTO01002187.1_Contig64,NC_041747.1,20,1.0,42,autosome
PTTO01002191.1_Contig123,NC_041751.1,X3,1.0,5,sex
PTTO01002206.1_Contig4157,,unanchored,,0,unanchored
PTTO01002226.1_Contig1837,,unanchored,,0,unanchored
PTTO01002233.1_Contig1678,NC_041749.1,X1,1.0,6,sex
PTTO01002255.1_Contig126,NC_041736.1,9,1.0,1,autosome
PTTO01002261.1_Contig251,NC_041743.1,16,1.0,120,autosome
PTTO01002264.1_Contig200,NC_041732.1,5,0.9523809523809523,21,autosome
PTTO01002265.1_Contig15,NC_041749.1,X1,1.0,298,sex
PTTO01002269.1_Contig954,,unanchored,,0,unanchored
PTTO01002284.1_Contig195,NC_041750.1,X2,1.0,5,sex
PTTO01002297.1_Contig4129,NW_021638217.1,unplaced,1.0,1,unplaced
PTTO01002315.1_Contig12,NC_041729.1,2,1.0,104,autosome
PTTO01002331.1_Contig163,,unanchored,,0,unanchored
PTTO01002332.1_Contig346,NC_041732.1,5,1.0,8,autosome
PTTO01002333.1_Contig372,NC_041733.1,6,1.0,10,autosome
PTTO01002337.1_Contig630,,unanchored,,0,unanchored
PTTO01002340.1_Contig228,NC_041729.1,2,1.0,3,autosome
PTTO01002355.1_Contig1204,,unanchored,,0,unanchored
PTTO01002372.1_Contig5,NC_041730.1,3,0.9655172413793104,29,autosome
PTTO01002384.1_Contig2752,NC_041745.1,18,1.0,8,autosome
PTTO01002390.1_Contig935,NC_041749.1,X1,1.0,5,sex
PTTO01002395.1_Contig853,NW_021638224.1,unplaced,1.0,2,unplaced
PTTO01002406.1_Contig978,,unanchored,,0,unanchored
PTTO01002409.1_Contig306,NC_041753.1,X5,1.0,10,sex
PTTO01002438.1_Contig2707,,unanchored,,0,unanchored
PTTO01002448.1_Contig3084,,unanchored,,0,unanchored
PTTO01002449.1_Contig3830,,unanchored,,0,unanchored
PTTO01002451.1_Contig214,,unanchored,,0,unanchored
PTTO01002458.1_Contig86,NC_041749.1,X1,1.0,2,sex
PTTO01002469.1_Contig820,,unanchored,,0,unanchored
PTTO01002473.1_Contig1,NC_041738.1,11,1.0,237,autosome
PTTO01002476.1_Contig0,NC_041728.1,1,1.0,558,autosome
PTTO01002484.1_Contig2928,,unanchored,,0,unanchored
PTTO01002485.1_Contig293,NC_041749.1,X1,1.0,4,sex
PTTO01002501.1_Contig138,NC_041744.1,17,1.0,34,autosome
PTTO01002516.1_Contig790,NC_041746.1,19,1.0,2,autosome
PTTO01002539.1_Contig4094,NC_041739.1,12,1.0,34,autosome
PTTO01002545.1_Contig22,NC_041728.1,1,1.0,202,autosome
PTTO01002549.1_Contig87,NC_041729.1,2,1.0,11,autosome
PTTO01002551.1_Contig1866,NC_041729.1,2,1.0,20,autosome
PTTO01002552.1_Contig980,,unanchored,,0,unanchored
PTTO01002558.1_Contig117,NC_041749.1,X1,1.0,8,sex
PTTO01002561.1_Contig143,NC_041744.1,17,1.0,13,autosome
PTTO01002562.1_Contig3587,,unanchored,,0,unanchored
PTTO01002567.1_Contig1834,,unanchored,,0,unanchored
PTTO01002571.1_Contig247,,unanchored,,0,unanchored
PTTO01002575.1_Contig1491,NC_041751.1,X3,1.0,1,sex
PTTO01002578.1_Contig1352,NC_041749.1,X1,1.0,3,sex
PTTO01002583.1_Contig434,NW_021638198.1,unplaced,1.0,1,unplaced
PTTO01002589.1_Contig94,NC_041749.1,X1,1.0,5,sex
PTTO01002609.1_Contig158,NC_041737.1,10,1.0,20,autosome
PTTO01002621.1_Contig1055,,unanchored,,0,unanchored
PTTO01002624.1_Contig32,NC_041728.1,1,1.0,282,autosome
PTTO01002634.1_Contig60,NC_041732.1,5,1.0,175,autosome
PTTO01002641.1_Contig1573,,unanchored,,0,unanchored
PTTO01002650.1_Contig1799,,unanchored,,0,unanchored
PTTO01002666.1_Contig135,NC_041734.1,7,1.0,12,autosome
PTTO01002683.1_Contig233,,unanchored,,0,unanchored
PTTO01002692.1_Contig2496,NW_021638172.1,unplaced,0.5,4,unplaced
PTTO01002696.1_Contig113,,unanchored,,0,unanchored
PTTO01002709.1_Contig259,NC_041749.1,X1,1.0,4,sex
PTTO01002711.1_Contig167,NW_021638076.1,unplaced,1.0,1,unplaced
PTTO01002712.1_Contig322,NW_021638271.1,unplaced,1.0,1,unplaced
PTTO01002715.1_Contig75,NC_041730.1,3,0.9473684210526315,19,autosome
PTTO01002716.1_Contig3448,,unanchored,,0,unanchored
PTTO01002717.1_Contig330,NC_041744.1,17,1.0,9,autosome
PTTO01002726.1_Contig4184,,unanchored,,0,unanchored
PTTO01002731.1_Contig4082,,unanchored,,0,unanchored
PTTO01002737.1_Contig159,,unanchored,,0,unanchored
PTTO01002741.1_Contig4165,,unanchored,,0,unanchored
PTTO01002744.1_Contig343,NW_021638270.1,unplaced,1.0,1,unplaced
PTTO01002749.1_Contig4204,,unanchored,,0,unanchored
PTTO01002751.1_Contig1718,,unanchored,,0,unanchored
PTTO01002754.1_Contig2041,NC_041731.1,4,1.0,1,autosome
PTTO01002779.1_Contig53,NC_041744.1,17,1.0,1,autosome
PTTO01002784.1_Contig154,NC_041733.1,6,1.0,10,autosome
PTTO01002788.1_Contig386,NC_041749.1,X1,1.0,1,sex
PTTO01002793.1_Contig38,NC_041745.1,18,1.0,117,autosome
PTTO01002800.1_Contig42,NC_041732.1,5,1.0,12,autosome
PTTO01002803.1_Contig80,NC_041749.1,X1,0.9166666666666666,12,sex
PTTO01002815.1_Contig4081,NC_041744.1,17,1.0,83,autosome
PTTO01002820.1_Contig359,NC_041729.1,2,1.0,9,autosome
PTTO01002822.1_Contig364,NC_041731.1,4,1.0,84,autosome
PTTO01002829.1_Contig2811,NC_041750.1,X2,1.0,19,sex
PTTO01002857.1_Contig4400,NW_021638062.1,unplaced,1.0,1,unplaced
PTTO01002859.1_Contig48,NC_041732.1,5,0.967741935483871,31,autosome
PTTO01002860.1_Contig61,NC_041750.1,X2,0.9887640449438202,89,sex
PTTO01002867.1_Contig181,NW_021638269.1,unplaced,1.0,1,unplaced
PTTO01002891.1_Contig252,NC_041751.1,X3,1.0,48,sex
PTTO01002892.1_Contig2435,NC_041749.1,X1,1.0,1,sex
PTTO01002899.1_Contig125,NC_041731.1,4,1.0,7,autosome
PTTO01002908.1_Contig367,NC_041744.1,17,1.0,7,autosome
PTTO01002942.1_Contig380,NC_041749.1,X1,1.0,1,sex
PTTO01002943.1_Contig3005,,unanchored,,0,unanchored
PTTO01002967.1_Contig85,NC_041733.1,6,0.9924812030075187,133,autosome
PTTO01002976.1_Contig261,NC_041753.1,X5,1.0,4,sex
PTTO01002977.1_Contig1322,NC_041751.1,X3,1.0,1,sex
PTTO01002986.1_Contig1807,NC_041751.1,X3,1.0,2,sex
PTTO01002991.1_Contig3192,,unanchored,,0,unanchored
PTTO01003004.1_Contig522,NW_021638005.1,Y3,0.5,2,sex
PTTO01003005.1_Contig4265,NC_041740.1,13,1.0,59,autosome
PTTO01003008.1_Contig1256,NC_041751.1,X3,0.9666666666666667,30,sex
PTTO01003009.1_Contig2984,,unanchored,,0,unanchored
PTTO01003033.1_Contig3728,,unanchored,,0,unanchored
PTTO01003050.1_Contig1511,,unanchored,,0,unanchored
PTTO01003064.1_Contig78,NW_021638276.1,unplaced,1.0,2,unplaced
PTTO01003067.1_Contig2964,,unanchored,,0,unanchored
PTTO01003080.1_Contig977,,unanchored,,0,unanchored
PTTO01003083.1_Contig3227,,unanchored,,0,unanchored
PTTO01003089.1_Contig2175,NW_021638253.1,unplaced,1.0,1,unplaced
PTTO01003094.1_Contig2343,,unanchored,,0,unanchored
PTTO01003116.1_Contig93,NC_041748.1,21,1.0,3,autosome
PTTO01003117.1_Contig140,NC_041750.1,X2,1.0,1,sex
PTTO01003124.1_Contig1991,NC_041732.1,5,1.0,1,autosome
PTTO01003130.1_Contig4311,,unanchored,,0,unanchored
PTTO01003132.1_Contig108,NW_021638004.1,Y2,1.0,1,sex
PTTO01003146.1_Contig77,NC_041734.1,7,1.0,18,autosome
PTTO01003147.1_Contig168,NC_041749.1,X1,1.0,7,sex
PTTO01003152.1_Contig3298,,unanchored,,0,unanchored
PTTO01003169.1_Contig274,NC_041742.1,15,1.0,13,autosome
PTTO01003172.1_Contig1924,NC_041749.1,X1,1.0,6,sex
PTTO01003179.1_Contig991,,unanchored,,0,unanchored
PTTO01003195.1_Contig775,,unanchored,,0,unanchored
PTTO01003196.1_Contig118,NC_041749.1,X1,1.0,8,sex
PTTO01003206.1_Contig262,,unanchored,,0,unanchored
PTTO01003253.1_Contig590,NC_041729.1,2,1.0,7,autosome
PTTO01003256.1_Contig153,NC_041746.1,19,0.9838709677419355,124,autosome
PTTO01003257.1_Contig164,NC_041749.1,X1,1.0,9,sex
PTTO01003260.1_Contig3958,,unanchored,,0,unanchored
PTTO01003262.1_Contig2678,,unanchored,,0,unanchored
PTTO01003266.1_Contig373,NC_041753.1,X5,1.0,15,sex
PTTO01003267.1_Contig43,NC_041749.1,X1,1.0,6,sex
PTTO01003275.1_Contig387,NC_041741.1,14,1.0,9,autosome
PTTO01003276.1_Contig54,NC_041738.1,11,1.0,130,autosome
PTTO01003280.1_Contig543,,unanchored,,0,unanchored
PTTO01003282.1_Contig313,NC_041738.1,11,1.0,3,autosome
PTTO01003283.1_Contig114,NC_041749.1,X1,1.0,4,sex
PTTO01003287.1_Contig882,NW_021638215.1,unplaced,1.0,1,unplaced
PTTO01003294.1_Contig221,,unanchored,,0,unanchored
PTTO01003295.1_Contig665,,unanchored,,0,unanchored
PTTO01003321.1_Contig3105,NC_041748.1,21,1.0,10,autosome
PTTO01003322.1_Contig3805,,unanchored,,0,unanchored
PTTO01003325.1_Contig338,NC_041749.1,X1,1.0,4,sex
PTTO01003333.1_Contig575,,unanchored,,0,unanchored
PTTO01003335.1_Contig947,NC_041753.1,X5,1.0,1,sex
PTTO01003342.1_Contig329,,unanchored,,0,unanchored
PTTO01003348.1_Contig76,,unanchored,,0,unanchored
PTTO01003352.1_Contig3411,,unanchored,,0,unanchored
PTTO01003354.1_Contig283,NC_041749.1,X1,1.0,4,sex
PTTO01003358.1_Contig3507,,unanchored,,0,unanchored
PTTO01003364.1_Contig1372,NC_041750.1,X2,1.0,6,sex
PTTO01003385.1_Contig331,,unanchored,,0,unanchored
PTTO01003386.1_Contig323,NW_021638007.1,Y5,1.0,3,sex
PTTO01003389.1_Contig4020,NC_041744.1,17,1.0,1,autosome
PTTO01003396.1_Contig2228,,unanchored,,0,unanchored
PTTO01003406.1_Contig1355,NC_041744.1,17,1.0,13,autosome
PTTO01003422.1_Contig3522,NC_041738.1,11,1.0,36,autosome
PTTO01003423.1_Contig4553,,unanchored,,0,unanchored
PTTO01003425.1_Contig303,NC_041743.1,16,1.0,116,autosome
PTTO01003430.1_Contig933,,unanchored,,0,unanchored
PTTO01003439.1_Contig986,NW_021638269.1,unplaced,1.0,1,unplaced
PTTO01003444.1_Contig257,NC_041749.1,X1,1.0,6,sex
PTTO01003454.1_Contig230,NC_041744.1,17,1.0,33,autosome
PTTO01003463.1_Contig1111,,unanchored,,0,unanchored
PTTO01003470.1_Contig757,,unanchored,,0,unanchored
PTTO01003473.1_Contig173,,unanchored,,0,unanchored
PTTO01003480.1_Contig3267,,unanchored,,0,unanchored
PTTO01003493.1_Contig3737,NC_041739.1,12,1.0,1,autosome
PTTO01003508.1_Contig869,NC_041737.1,10,1.0,1,autosome
PTTO01003521.1_Contig47,NC_041753.1,X5,1.0,43,sex
PTTO01003525.1_Contig3154,NC_041750.1,X2,1.0,9,sex
PTTO01003528.1_Contig881,,unanchored,,0,unanchored
PTTO01003532.1_Contig3620,,unanchored,,0,unanchored
PTTO01003534.1_Contig643,,unanchored,,0,unanchored
PTTO01003543.1_Contig2679,NC_041731.1,4,1.0,2,autosome
PTTO01003549.1_Contig1316,NC_041749.1,X1,1.0,3,sex
PTTO01003557.1_Contig317,NC_041739.1,12,1.0,1,autosome
PTTO01003571.1_Contig67,NC_041736.1,9,1.0,198,autosome
PTTO01003578.1_Contig1267,,unanchored,,0,unanchored
PTTO01003599.1_Contig269,NC_041752.1,X4,1.0,2,sex
PTTO01003602.1_Contig51,NW_021638062.1,unplaced,1.0,1,unplaced
PTTO01003609.1_Contig3646,NC_041735.1,8,1.0,6,autosome
PTTO01003620.1_Contig183,NC_041751.1,X3,1.0,4,sex
PTTO01003625.1_Contig839,,unanchored,,0,unanchored
PTTO01003626.1_Contig4503,NC_041751.1,X3,1.0,1,sex
PTTO01003637.1_Contig710,,unanchored,,0,unanchored
PTTO01003642.1_Contig743,,unanchored,,0,unanchored
PTTO01003644.1_Contig30,NC_041733.1,6,0.5,2,autosome
PTTO01003654.1_Contig2998,NW_021638271.1,unplaced,1.0,3,unplaced
PTTO01003659.1_Contig385,,unanchored,,0,unanchored
PTTO01003660.1_Contig3943,,unanchored,,0,unanchored
PTTO01003661.1_Contig2872,,unanchored,,0,unanchored
PTTO01003671.1_Contig19,NC_041735.1,8,1.0,179,autosome
PTTO01003695.1_Contig4240,NC_041733.1,6,1.0,25,autosome
PTTO01003696.1_Contig1727,,unanchored,,0,unanchored
PTTO01003701.1_Contig73,NW_021638271.1,unplaced,1.0,1,unplaced
PTTO01003710.1_Contig217,NC_041733.1,6,1.0,142,autosome
PTTO01003711.1_Contig446,,unanchored,,0,unanchored
PTTO01003722.1_Contig1147,NC_041748.1,21,1.0,5,autosome
PTTO01003726.1_Contig4347,NW_021638242.1,unplaced,1.0,1,unplaced
PTTO01003733.1_Contig786,,unanchored,,0,unanchored
PTTO01003751.1_Contig286,NC_041753.1,X5,1.0,1,sex
PTTO01003755.1_Contig44,NC_041749.1,X1,1.0,20,sex
PTTO01003760.1_Contig1338,,unanchored,,0,unanchored
PTTO01003762.1_Contig648,NC_041739.1,12,1.0,1,autosome
PTTO01003763.1_Contig3987,,unanchored,,0,unanchored
PTTO01003766.1_Contig1437,NW_021638146.1,unplaced,1.0,1,unplaced
PTTO01003775.1_Contig3888,,unanchored,,0,unanchored
PTTO01003788.1_Contig2016,NC_041729.1,2,1.0,36,autosome
PTTO01003805.1_Contig169,NC_041749.1,X1,1.0,2,sex
PTTO01003824.1_Contig115,NC_041732.1,5,1.0,13,autosome
PTTO01003832.1_Contig50,NC_041749.1,X1,1.0,6,sex
PTTO01003839.1_Contig3305,NC_041749.1,X1,1.0,4,sex
PTTO01003847.1_Contig1028,,unanchored,,0,unanchored
PTTO01003849.1_Contig1229,NC_041750.1,X2,1.0,4,sex
PTTO01003857.1_Contig1099,NC_041732.1,5,1.0,25,autosome
PTTO01003860.1_Contig1710,,unanchored,,0,unanchored
PTTO01003880.1_Contig4473,NC_041734.1,7,1.0,12,autosome
PTTO01003882.1_Contig102,NC_041732.1,5,1.0,83,autosome
PTTO01003889.1_Contig165,NC_041729.1,2,1.0,204,autosome
PTTO01003890.1_Contig172,NW_021638004.1,Y2,1.0,1,sex
PTTO01003892.1_Contig1127,NC_041753.1,X5,1.0,14,sex
PTTO01003902.1_Contig96,NC_041749.1,X1,1.0,1,sex
PTTO01003905.1_Contig4392,NC_041739.1,12,1.0,1,autosome
PTTO01003909.1_Contig309,NC_041749.1,X1,1.0,5,sex
PTTO01003925.1_Contig3008,NC_041729.1,2,1.0,3,autosome
PTTO01003929.1_Contig2728,,unanchored,,0,unanchored
PTTO01003944.1_Contig904,,unanchored,,0,unanchored
PTTO01003948.1_Contig3275,NC_041728.1,1,1.0,2,autosome
PTTO01003953.1_Contig2241,,unanchored,,0,unanchored
PTTO01003962.1_Contig141,NW_021638271.1,unplaced,1.0,1,unplaced
PTTO01003967.1_Contig4409,,unanchored,,0,unanchored
PTTO01003981.1_Contig1967,NC_041753.1,X5,1.0,13,sex
PTTO01004014.1_Contig4097,,unanchored,,0,unanchored
PTTO01004032.1_Contig227,NW_021638161.1,unplaced,1.0,1,unplaced
PTTO01004050.1_Contig2642,,unanchored,,0,unanchored
PTTO01004059.1_Contig190,,unanchored,,0,unanchored
PTTO01004078.1_Contig651,NC_041749.1,X1,1.0,1,sex
PTTO01004080.1_Contig985,NW_021638119.1,unplaced,0.6,5,unplaced
PTTO01004085.1_Contig3023,,unanchored,,0,unanchored
PTTO01004105.1_Contig1951,,unanchored,,0,unanchored
PTTO01004107.1_Contig4391,,unanchored,,0,unanchored
PTTO01004116.1_Contig362,NC_041729.1,2,0.9333333333333333,15,autosome
PTTO01004121.1_Contig440,NW_021638271.1,unplaced,1.0,2,unplaced
PTTO01004131.1_Contig4402,NW_021638269.1,unplaced,1.0,1,unplaced
PTTO01004133.1_Contig2270,,unanchored,,0,unanchored
PTTO01004148.1_Contig220,NC_041738.1,11,1.0,12,autosome
PTTO01004156.1_Contig1344,,unanchored,,0,unanchored
PTTO01004166.1_Contig299,NC_041730.1,3,1.0,13,autosome
PTTO01004183.1_Contig3424,,unanchored,,0,unanchored
PTTO01004189.1_Contig18,NC_041729.1,2,1.0,282,autosome
PTTO01004194.1_Contig13,NC_041743.1,16,0.9906542056074766,107,autosome
PTTO01004201.1_Contig4302,NC_041743.1,16,1.0,2,autosome
PTTO01004205.1_Contig3634,,unanchored,,0,unanchored
PTTO01004211.1_Contig316,NC_041728.1,1,1.0,1,autosome
PTTO01004235.1_Contig2887,,unanchored,,0,unanchored
PTTO01004239.1_Contig4563,,unanchored,,0,unanchored
PTTO01004240.1_Contig1106,NC_041749.1,X1,1.0,14,sex
PTTO01004246.1_Contig3224,,unanchored,,0,unanchored
PTTO01004251.1_Contig2216,,unanchored,,0,unanchored
PTTO01004252.1_Contig68,NC_041728.1,1,1.0,6,autosome
PTTO01004255.1_Contig332,NW_021638062.1,unplaced,1.0,1,unplaced
PTTO01004260.1_Contig2628,NC_041739.1,12,1.0,1,autosome
PTTO01004261.1_Contig2155,,unanchored,,0,unanchored
PTTO01004262.1_Contig52,NC_041731.1,4,0.9916317991631799,239,autosome
PTTO01004264.1_Contig347,,unanchored,,0,unanchored
PTTO01004280.1_Contig83,NW_021638079.1,unplaced,1.0,3,unplaced
PTTO01004285.1_Contig2903,,unanchored,,0,unanchored
PTTO01004291.1_Contig3797,,unanchored,,0,unanchored
PTTO01004292.1_Contig45,,unanchored,,0,unanchored
PTTO01004303.1_Contig1602,,unanchored,,0,unanchored
PTTO01004305.1_Contig271,NC_041732.1,5,1.0,9,autosome
PTTO01004308.1_Contig4377,NC_041729.1,2,1.0,1,autosome
PTTO01004309.1_Contig557,NW_021638270.1,unplaced,1.0,2,unplaced
PTTO01004335.1_Contig325,NC_041739.1,12,1.0,2,autosome
PTTO01004340.1_Contig74,NC_041733.1,6,0.95,20,autosome
PTTO01004349.1_Contig407,,unanchored,,0,unanchored
PTTO01004381.1_Contig934,NW_021638082.1,unplaced,1.0,2,unplaced
PTTO01004383.1_Contig3591,,unanchored,,0,unanchored
PTTO01004385.1_Contig285,NC_041729.1,2,1.0,1,autosome
PTTO01004390.1_Contig84,NC_041752.1,X4,1.0,27,sex
PTTO01004398.1_Contig166,NC_041751.1,X3,1.0,37,sex
PTTO01004411.1_Contig300,,unanchored,,0,unanchored
PTTO01004415.1_Contig112,NC_041733.1,6,1.0,8,autosome
PTTO01004427.1_Contig106,NC_041739.1,12,1.0,53,autosome
PTTO01004439.1_Contig95,NC_041753.1,X5,1.0,16,sex
PTTO01004441.1_Contig3409,NC_041749.1,X1,1.0,1,sex
PTTO01004446.1_Contig146,NC_041742.1,15,1.0,56,autosome
PTTO01004449.1_Contig604,,unanchored,,0,unanchored
PTTO01004478.1_Contig171,NC_041750.1,X2,1.0,6,sex
PTTO01004481.1_Contig260,NC_041730.1,3,1.0,19,autosome
PTTO01004483.1_Contig3765,NW_021638200.1,unplaced,1.0,1,unplaced
PTTO01004492.1_Contig25,NC_041732.1,5,1.0,94,autosome
PTTO01004494.1_Contig216,NW_021638278.1,unplaced,1.0,1,unplaced
PTTO01004497.1_Contig33,NC_041753.1,X5,1.0,6,sex
PTTO01004499.1_Contig142,NC_041744.1,17,1.0,35,autosome
PTTO01004505.1_Contig79,NC_041731.1,4,0.9375,16,autosome
PTTO01004506.1_Contig2542,,unanchored,,0,unanchored
PTTO01004519.1_Contig1477,NC_041735.1,8,0.989247311827957,93,autosome
PTTO01004535.1_Contig9,NC_041731.1,4,1.0,27,autosome
PTTO01004536.1_Contig378,NC_041734.1,7,1.0,1,autosome
PTTO01004543.1_Contig258,,unanchored,,0,unanchored
PTTO01004551.1_Contig116,,unanchored,,0,unanchored
PTTO01004554.1_Contig245,NC_041749.1,X1,1.0,6,sex
PTTO01004560.1_Contig642,,unanchored,,0,unanchored
PTTO01004561.1_Contig4540,,unanchored,,0,unanchored
PTTO01004562.1_Contig690,,unanchored,,0,unanchored
PTTO01004563.1_Contig4450,NC_041742.1,15,1.0,29,autosome
