population,n,loci_old,loci_new,Ho_old,Ho_new,Ho_delta,Ho_pct_change,He_old,He_new,He_delta,He_pct_change,Fis_old,Fis_new,Fis_estimator_old,Fis_estimator_new,n_poly_old,n_poly_new,Ar16_old,Ar16_new,Ar16_pct_change
KI,8,1296,4002,0.13368055555555555,0.0988568215892054,-0.03482373396635015,-26.04996203197102,0.13085133744855967,0.09543769781775778,-0.035413639630801894,-27.064025726694396,-0.023113098060131947,-0.03848317240086247,"1 - Ho/He per locus, mean over loci","Weir & Cockerham (1984), ratio of sums",472.0,1105,1.3642,1.276111944027986,-6.457121827592294
EUCUMBENE_ABOVE,4,1296,4002,0.16087962962962962,0.11400549725137431,-0.046874132378255315,-29.136151348786044,0.15476190476190474,0.11354144356393231,-0.04122046119797243,-26.634759543305265,-0.030490196078431415,-0.004771517709671502,"1 - Ho/He per locus, mean over loci","Weir & Cockerham (1984), ratio of sums",,1190,,,
EUCUMBENE_BELOW,20,1296,4002,0.14984567901234566,0.1090454772613693,-0.04080020175097636,-27.228146997561986,0.14731323203545427,0.107847358372096,-0.03946587366335827,-26.790447211055636,-0.009887613096991347,-0.011405081665263878,"1 - Ho/He per locus, mean over loci","Weir & Cockerham (1984), ratio of sums",707.0,1648,1.4587,1.343589443560952,-7.891311197576489
MITTA_ABOVE,13,1296,4002,0.14547720797720798,0.10706185368854035,-0.03841535428866763,-26.406441821928695,0.15048195631528963,0.11010187214085265,-0.040380084174436975,-26.833837865473164,0.023791995555029883,0.0287283665373381,"1 - Ho/He per locus, mean over loci","Weir & Cockerham (1984), ratio of sums",,1681,1.4857,1.3686566172581212,-7.8779957422009055
MITTA_BELOW,4,1296,4002,0.1560570987654321,0.11744127936031984,-0.03861581940511227,-24.744673398776516,0.1626708553791887,0.11990433354751195,-0.04276652183167676,-26.290217588139697,0.03228038507821898,0.02388369678089304,"1 - Ho/He per locus, mean over loci","Weir & Cockerham (1984), ratio of sums",,1254,,,
OVENS,19,1296,4002,0.15631091617933723,0.11227281096293958,-0.04403810521639766,-28.173403555431953,0.15630652582406965,0.11329648120463238,-0.04301004461943726,-27.516474051663774,-0.0037704157641661614,0.00928397354067538,"1 - Ho/He per locus, mean over loci","Weir & Cockerham (1984), ratio of sums",788.0,1859,1.5073,1.3786307493206884,-8.53640620177215
SEVERN_ABOVE,23,1296,4002,0.14140499194847023,0.10583838515524847,-0.03556660679322175,-25.15229929519226,0.14227276793701912,0.10512907797309075,-0.037143689963928375,-26.107378455145426,-0.0009192639108304208,-0.0069014117591787785,"1 - Ho/He per locus, mean over loci","Weir & Cockerham (1984), ratio of sums",683.0,1572,1.4392,1.3270042929604553,-7.795699488573149
SEVERN_BELOW,17,1296,4002,0.14419934640522875,0.10216950348355235,-0.0420298429216764,-29.147041210273038,0.14404530049954886,0.10296055180965667,-0.04108474868989219,-28.52210280197296,-0.002830698098600023,0.007921216013701556,"1 - Ho/He per locus, mean over loci","Weir & Cockerham (1984), ratio of sums",,1516,1.4458,1.3268162820481328,-8.22961114620744
SNOWY,56,1296,4002,0.14988425925925927,0.11018151638466481,-0.039702742874594465,-26.48893424220048,0.15116530220696886,0.11109483064130739,-0.04007047156566147,-26.50771769754329,0.00749920845422443,0.008295149601124483,"1 - Ho/He per locus, mean over loci","Weir & Cockerham (1984), ratio of sums",885.0,2183,1.4968,1.3758359949536982,-8.081507552532186
TENTERFIELD,39,1296,4002,0.1456750553972776,0.1055369751021925,-0.0401380802950851,-27.553159451782992,0.14883855856078074,0.10748139083971166,-0.04135716772106908,-27.786595167931694,0.01579826380713948,0.018324393839590933,"1 - Ho/He per locus, mean over loci","Weir & Cockerham (1984), ratio of sums",785.0,1890,1.4742,1.3523220987135054,-8.267392571326448
THREDBO,19,1296,4002,0.14928525016244312,0.11152318577553329,-0.037762064386909835,-25.29524138909869,0.15111602830901075,0.11208336088001518,-0.03903266742899557,-25.829601178492677,0.008497483019980032,0.005135959538024326,"1 - Ho/He per locus, mean over loci","Weir & Cockerham (1984), ratio of sums",767.0,1839,1.4898,1.37488971335419,-7.713135095033563
